name,time,nodeid,value
test,1503460893249784832,111,"255,from,10,44,rssi,29,msg,id,235,l,72.46,t,26.02,h,49.09,"
test,1503460893249972992,111,"255,from,10,44,rssi,-1,msg,id,205,l,47.63,t,26.55,h,50.00,"
test,1503460893250057984,111,"255,light,72.87,158,temperature,25.34,humidity,48.51,"
test,1503460893250140928,111,"255,from,10,44,rssi,0,msg,id,205,l,46.81,t,26.54,h,49.93,"
test,1503460893250214144,111,"255,from,10,44,rssi,29,msg"
test,1503460894077251072,111,"255,light,74.90,160,temperature,25.52,humidity,47.92,"
test,1503460894093236992,111,"255,from,10,44,rssi,29,msg,id,235,l,74.09,t,26.18,h,48.57,"
test,1503460894316018176,111,"255,from,10,44,rssi,-1,msg,id,205,l,49.25,t,26.91,h,48.77,"
test,1503460895398316032,111,"255,light,74.49,160,temperature,25.54,humidity,47.92,"
test,1503460895414264832,111,"255,from,10,44,rssi,0,msg,id,205,l,48.85,t,26.91,h,48.90,"
test,1503460895891602944,111,"255,from,10,44,rssi,-4,msg,id,205,l,48.85,t,26.91,h,48.93,"
test,1503460896703529984,111,"255,light,74.90,157,temperature,25.54,humidity,47.92,"
test,1503460896719362048,111,"255,from,10,44,rssi,29,msg,id,235,l,74.49,t,26.18,h,48.61,"
test,1503460896735354880,111,"255,from,10,44,rssi,-2,msg,id,205,l,46.81,t,26.91,h,48.96,"
test,1503460897483390208,111,"255,from,10,44,rssi,-1,msg,id,205,l,48.44,t,26.91,h,48.96,"
test,1503460898024523008,111,"255,light,73.27,158,temperature,25.55,humidity,47.89,"
test,1503460898040411904,111,"255,from,10,44,rssi,29,msg,id,235,l,73.68,t,26.18,h,48.61,"
test,1503460898263227904,111,"255,from,10,44,rssi,-1,msg,id,205,l,49.25,t,26.91,h,48.93,"
test,1503460899329665024,111,"255,light,75.31,163,temperature,25.55,humidity,47.86,"
test,1503460899345544960,111,"255,from,10,44,rssi,-2,msg,id,205,l,48.44,t,26.91,h,48.93,"
test,1503460899854800896,111,"255,from,10,44,rssi,-2,msg,id,205,l,48.85,t,26.91,h,48.83,"
test,1503460900664669952,111,"255,light,76.94,159,temperature,25.58,humidity,47.86,"
test,1503460900664788992,111,"255,from,10,44,rssi,-2,msg,id,205,l,48.85,t,26.91,h,48.77,"
test,1503460901412716032,111,"255,from,10,44,rssi,-2,msg,id,205,l,48.85,t,26.91,h,48.70,"
test,1503460901953820928,111,"255,light,73.68,158,temperature,25.58,humidity,47.86,"
test,1503460901969712128,111,"255,from,10,44,rssi,29,msg,id,235,l,74.49,t,26.19,h,48.57,"
test,1503460902209247232,111,"255,from,10,44,rssi,-2,msg,id,205,l,48.85,t,26.91,h,48.70,"
test,1503460903287770112,111,"255,light,74.09,162,temperature,25.58,humidity,47.83,"
test,1503460903289925120,111,"255,from,10,44,rssi,-4,msg,id,205,l,48.85,t,26.91,h,48.70,"
test,1503460903797200896,111,"255,from,10,44,rssi,-2,msg,id,205,l,48.85,t,26.91,h,48.70,"
test,1503460904577094912,111,"255,light,74.90,160,temperature,25.58,humidity,47.83,"
test,1503460904592847104,111,"255,from,10,44,rssi,29,msg,id,235,l,74.90,t,26.19,h,48.57,"
test,1503460904608926976,111,"255,from,10,44,rssi,-1,msg,id,205,l,48.85,t,26.91,h,48.70,"
test,1503460905357025024,111,"255,from,10,44,rssi,-2,msg,id,205,l,48.85,t,26.91,h,48.70,"
test,1503460905898104832,111,"255,light,74.09,157,temperature,25.58,humidity,47.79,"
test,1503460905913963008,111,"255,from,10,44,rssi,29,msg,id,235,l,73.27,t,26.19,h,48.57,"
test,1503460906168699136,111,"255,from,10,44,rssi,-2,msg,id,205,l,49.25,t,26.91,h,48.64,"
test,1503460907203067904,111,"255,light,74.90,160,temperature,25.58,humidity,47.79,"
test,1503460907219175168,111,"255,from,10,44,rssi,-2,msg,id,205,l,48.85,t,26.90,h,48.61,"
test,1503460907744303104,111,"255,from,10,44,rssi,-2,msg,id,205,l,48.85,t,26.88,h,48.57,"
test,1503460908524302080,111,"255,light,74.49,160,temperature,25.58,humidity,47.79,"
test,1503460908550199040,111,"255,from,10,44,rssi,29,msg,id,235,l,72.87,t,26.19,h,48.57,"
test,1503460908550318080,111,"255,from,10,44,rssi,-5,msg,id,205,l,48.85,t,26.90,h,48.54,"
test,1503460909314034944,111,"255,from,10,44,rssi,-2,msg,id,205,l,48.85,t,26.88,h,48.48,"
test,1503460909823312896,111,"255,light,75.72,161,temperature,25.58,humidity,47.79,"
test,1503460909839310848,111,"255,from,10,44,rssi,29,msg,id,235,l,75.72,t,26.16,h,48.57,"
test,1503460910094032896,111,"255,from,10,44,rssi,-5,msg,id,205,l,48.85,t,26.87,h,48.44,"
test,1503460911144460032,111,"255,light,73.68,157,temperature,25.59,humidity,47.79,"
test,1503460911160381952,111,"255,from,10,44,rssi,-2,msg,id,205,l,48.44,t,26.88,h,48.51,"
test,1503460911208100096,111,"255,from,10,44,rssi,29,msg,id,235,l,73.27,t,26.19,h,48.57,"
test,1503460911669876224,111,"255,from,10,44,rssi,-2,msg,id,205,l,48.85,t,26.90,h,48.57,"
test,1503460912479510016,111,"255,light,74.09,162,temperature,25.59,humidity,47.76,"
test,1503460912479661056,111,"255,from,10,44,rssi,29,msg,id,235,l,74.49,t,26.18,h,48.57,"
test,1503460913275266048,111,"255,from,10,44,rssi,-2,msg,id,205,l,48.85,t,26.90,h,48.61,"
test,1503460913768697088,111,"255,light,74.49,160,temperature,25.58,humidity,47.73,"
test,1503460913784694016,111,"255,from,10,44,rssi,29,msg,id,235,l,73.27,t,26.19,h,48.61,"
test,1503460914055176960,111,"255,from,10,44,rssi,-2,msg,id,205,l,47.63,t,26.90,h,48.61,"
test,1503460915073800192,111,"255,light,75.31,161,temperature,25.58,humidity,47.73,"
test,1503460915089648128,111,"255,from,10,44,rssi,29,msg,id,235,l,73.68,t,26.18,h,48.57,"
test,1503460915631021056,111,"255,from,10,44,rssi,-2,msg,id,205,l,49.25,t,26.90,h,48.57,"
test,1503460916409753088,111,"255,light,74.49,160,temperature,25.58,humidity,47.73,"
test,1503460916409879040,111,"255,from,10,44,rssi,29,msg,id,235,l,73.27,t,26.19,h,48.57,"
test,1503460917221545984,111,"255,from,10,44,rssi,-2,msg,id,205,l,49.25,t,26.91,h,48.51,"
test,1503460917729712896,111,"255,light,74.09,161,temperature,25.58,humidity,47.76,"
test,1503460917729859072,111,"255,from,10,44,rssi,29,msg,id,235,l,74.90,t,26.18,h,48.57,"
test,1503460918047215104,111,"255,from,10,44,rssi,-5,msg,id,205,l,48.85,t,26.90,h,48.44,"
test,1503460918047343104,111,"255,from,10,44,rssi,28,msg,id,211,l,77.75,t,25.45,h,50.22,"
test,1503460919018043904,111,"255,light,74.90,161,temperature,25.58,humidity,47.73,"
test,1503460919047804160,111,"255,from,10,44,rssi,29,msg,id,235,l,72.46,t,26.18,h,48.57,"
test,1503460919047951872,111,"255,from,10,44,rssi,-2,msg,id,205,l,48.03,t,26.90,h,48.44,"
test,1503460920337184000,111,"255,light,74.49,158,temperature,25.56,humidity,47.76,"
test,1503460920353065984,111,"255,from,10,44,rssi,29,msg,id,235,l,74.49,t,26.16,h,48.54,"
test,1503460921148866048,111,"255,from,10,44,rssi,-2,msg,id,205,l,49.25,t,26.91,h,48.44,"
test,1503460921642118912,111,"255,light,74.09,158,temperature,25.55,humidity,47.76,"
test,1503460921960634880,111,"255,from,10,44,rssi,-1,msg,id,205,l,48.85,t,26.88,h,48.44,"
test,1503460922660978944,111,"255,from,10,44,rssi,29,msg,id,235,l,74.49,t,26.16,h,48.57,"
test,1503460922963215104,111,"255,light,74.09,155,temperature,25.56,humidity,47.79,"
test,1503460922979196160,111,"255,from,10,44,rssi,-1,msg,id,205,l,48.85,t,26.87,h,48.44,"
test,1503460923520376832,111,"255,from,10,44,rssi,0,msg,id,205,l,48.85,t,26.91,h,48.44,"
test,1503460923950071040,111,"255,from,10,44,rssi,29,msg,id,235,l,73.27,t,26.16,h,48.57,"
test,1503460924284487936,111,"255,light,73.68,159,temperature,25.56,humidity,47.79,"
test,1503460924332072960,111,"255,from,10,44,rssi,0,msg,id,205,l,48.44,t,26.91,h,48.41,"
test,1503460925095987968,111,"255,from,10,44,rssi,0,msg,id,205,l,48.85,t,26.90,h,48.38,"
test,1503460925271094016,111,"255,from,10,44,rssi,29,msg,id,235,l,73.27,t,26.16,h,48.61,"
test,1503460925589283840,111,"255,light,75.72,161,temperature,25.56,humidity,47.73,"
test,1503460925891745024,111,"255,from,10,44,rssi,-1,msg,id,205,l,48.85,t,26.87,h,48.38,"
test,1503460926560324864,111,"255,from,10,44,rssi,29,msg,id,235,l,74.09,t,26.16,h,48.61,"
test,1503460926925299968,111,"255,light,74.90,159,temperature,25.56,humidity,47.76,"
test,1503460926925427968,111,"255,from,10,44,rssi,-4,msg,id,205,l,47.63,t,26.88,h,48.38,"
test,1503460927482368000,111,"255,from,10,44,rssi,0,msg,id,205,l,48.85,t,26.90,h,48.38,"
test,1503460927880408064,111,"255,from,10,44,rssi,29,msg,id,235,l,73.27,t,26.19,h,48.61,"
test,1503460928214647040,111,"255,light,74.09,158,temperature,25.58,humidity,47.76,"
test,1503460928278192896,111,"255,from,10,44,rssi,0,msg,id,205,l,48.44,t,26.90,h,48.38,"
test,1503460929058182912,111,"255,from,10,44,rssi,0,msg,id,205,l,48.85,t,26.91,h,48.35,"
test,1503460929535571200,111,"255,light,73.68,158,temperature,25.58,humidity,47.76,"
test,1503460930490680832,111,"255,from,10,44,rssi,29,msg,id,235,l,73.27,t,26.19,h,48.61,"
test,1503460930840708096,111,"255,light,74.90,161,temperature,25.58,humidity,47.76,"
test,1503460931795724032,111,"255,from,10,44,rssi,29,msg,id,235,l,74.90,t,26.19,h,48.61,"
test,1503460932145899008,111,"255,light,74.90,159,temperature,25.59,humidity,47.76,"
test,1503460932209575936,111,"255,from,10,44,rssi,-2,msg,id,205,l,48.03,t,26.91,h,48.31,"
test,1503460933021390848,111,"255,from,10,44,rssi,-1,msg,id,205,l,48.85,t,26.90,h,48.31,"
test,1503460933100922112,111,"255,from,10,44,rssi,29,msg,id,235,l,72.87,t,26.19,h,48.57,"
test,1503460933466949888,111,"255,light,74.49,159,temperature,25.59,humidity,47.73,"
test,1503460934406070016,111,"255,from,10,44,rssi,29,msg,id,235,l,74.90,t,26.20,h,48.57,"
test,1503460934772049920,111,"255,light,74.09,159,temperature,25.59,humidity,47.73,"
test,1503460934788045824,111,"255,from,10,44,rssi,-1,msg,id,205,l,48.03,t,26.91,h,48.38,"
test,1503460935360944896,111,"255,from,10,44,rssi,-2,msg,id,205,l,48.85,t,26.91,h,48.38,"
test,1503460935695235840,111,"255,from,10,44,rssi,29,msg,id,235,l,73.68,t,26.22,h,48.57,"
test,1503460936093105920,111,"255,light,75.31,158,temperature,25.61,humidity,47.76,"
test,1503460936204402944,111,"255,from,10,44,rssi,0,msg,id,205,l,49.25,t,26.91,h,48.44,"
test,1503460936952631040,111,"255,from,10,44,rssi,-2,msg,id,205,l,49.66,t,26.91,h,48.44,"
test,1503460937016311808,111,"255,from,10,44,rssi,29,msg,id,235,l,74.49,t,26.22,h,48.54,"
test,1503460937398284032,111,"255,light,74.90,162,temperature,25.59,humidity,47.73,"
test,1503460938305624064,111,"255,from,10,44,rssi,29,msg,id,235,l,73.27,t,26.23,h,48.54,"
test,1503460938719389952,111,"255,light,73.68,157,temperature,25.62,humidity,47.73,"
test,1503460938735184896,111,"255,from,10,44,rssi,-2,msg,id,205,l,48.85,t,26.91,h,48.44,"
test,1503460939340084992,111,"255,from,10,44,rssi,-1,msg,id,205,l,48.44,t,26.91,h,48.51,"
test,1503460939626569984,111,"255,from,10,44,rssi,29,msg,id,235,l,74.49,t,26.23,h,48.51,"
test,1503460940024425984,111,"255,light,74.90,160,temperature,25.62,humidity,47.73,"
test,1503460940119894016,111,"255,from,10,44,rssi,-2,msg,id,205,l,48.85,t,26.91,h,48.51,"
test,1503460940915672064,111,"255,from,10,44,rssi,29,msg,id,235,l,73.27,t,26.23,h,48.54,"
test,1503460941345448960,111,"255,light,75.31,158,temperature,25.62,humidity,47.73,"
test,1503460941679747072,111,"255,from,10,44,rssi,-1,msg,id,205,l,48.85,t,26.94,h,48.51,"
test,1503460942220916992,111,"255,from,10,44,rssi,29,msg,id,235,l,74.49,t,26.23,h,48.54,"
test,1503460942650512896,111,"255,light,74.49,156,temperature,25.63,humidity,47.70,"
test,1503460942666579968,111,"255,from,10,44,rssi,-2,msg,id,205,l,48.03,t,26.93,h,48.48,"
test,1503460943255363840,111,"255,from,10,44,rssi,-1,msg,id,205,l,48.03,t,26.93,h,48.41,"
test,1503460943526017792,111,"255,from,10,44,rssi,29,msg,id,235,l,73.27,t,26.23,h,48.51,"
test,1503460943971590912,111,"255,light,73.68,156,temperature,25.62,humidity,47.66,"
test,1503460944035293952,111,"255,from,10,44,rssi,-1,msg,id,205,l,48.85,t,26.93,h,48.35,"
test,1503460944831116800,111,"255,from,10,44,rssi,29,msg,id,235,l,74.90,t,26.26,h,48.51,"
test,1503460944878789888,111,"255,from,10,44,rssi,-1,msg,id,205,l,48.44,t,26.91,h,48.35,"
test,1503460945276717056,111,"255,light,74.49,160,temperature,25.62,humidity,47.66,"
test,1503460945626923008,111,"255,from,10,44,rssi,0,msg,id,205,l,48.85,t,26.91,h,48.31,"
test,1503460946120325120,111,"255,from,10,44,rssi,29,msg,id,235,l,72.46,t,26.26,h,48.51,"
test,1503460946581934080,111,"255,light,74.90,159,temperature,25.62,humidity,47.66,"
test,1503460946597742080,111,"255,from,10,44,rssi,-1,msg,id,205,l,49.25,t,26.91,h,48.31,"
test,1503460947250371072,111,"255,from,10,44,rssi,-2,msg,id,205,l,48.44,t,26.91,h,48.31,"
test,1503460947457254912,111,"255,from,10,44,rssi,29,msg,id,235,l,74.90,t,26.26,h,48.48,"
test,1503460947902893056,111,"255,light,75.72,156,temperature,25.63,humidity,47.66,"
test,1503460947998394112,111,"255,from,10,44,rssi,-4,msg,id,205,l,48.44,t,26.91,h,48.31,"
test,1503460948746361088,111,"255,from,10,44,rssi,29,msg,id,235,l,73.68,t,26.26,h,48.44,"
test,1503460949207952896,111,"255,light,74.09,160,temperature,25.62,humidity,47.66,"
test,1503460949574127872,111,"255,from,10,44,rssi,-4,msg,id,205,l,48.44,t,26.91,h,48.38,"
test,1503460950035782144,111,"255,from,10,44,rssi,29,msg,id,235,l,74.09,t,26.26,h,48.44,"
test,1503460950542978048,111,"255,light,74.49,162,temperature,25.62,humidity,47.66,"
test,1503460950543080960,111,"255,from,10,44,rssi,0,msg,id,205,l,48.85,t,26.93,h,48.38,"
test,1503460951147877888,111,"255,from,10,44,rssi,-2,msg,id,205,l,48.85,t,26.93,h,48.38,"
test,1503460951338764032,111,"255,from,10,44,rssi,29,msg,id,235,l,74.09,t,26.26,h,48.41,"
test,1503460951848174080,111,"255,light,75.31,162,temperature,25.65,humidity,47.63,"
test,1503460951959510016,111,"255,from,10,44,rssi,-1,msg,id,205,l,48.85,t,26.94,h,48.31,"
test,1503460952643978240,111,"255,from,10,44,rssi,29,msg,id,235,l,75.31,t,26.26,h,48.41,"
test,1503460952818900992,111,"255,from,10,44,rssi,0,msg,id,205,l,48.85,t,26.94,h,48.25,"
test,1503460953153155072,111,"255,light,73.68,158,temperature,25.65,humidity,47.66,"
test,1503460953521501184,111,"255,from,10,44,rssi,-1,msg,id,205,l,47.22,t,26.94,h,48.25,"
test,1503460953948914944,111,"255,from,10,44,rssi,29,msg,id,235,l,73.27,t,26.26,h,48.41,"
test,1503460954458409984,111,"255,light,73.68,159,temperature,25.66,humidity,47.63,"
test,1503460954474307072,111,"255,from,10,44,rssi,0,msg,id,205,l,48.85,t,26.93,h,48.25,"
test,1503460955095001088,111,"255,from,10,44,rssi,0,msg,id,205,l,48.85,t,26.94,h,48.22,"
test,1503460955254151936,111,"255,from,10,44,rssi,29,msg,id,235,l,74.49,t,26.26,h,48.41,"
test,1503460955779373056,111,"255,light,74.49,161,temperature,25.66,humidity,47.60,"
test,1503460955906747136,111,"255,from,10,44,rssi,0,msg,id,205,l,48.85,t,26.94,h,48.18,"
test,1503460956559257088,111,"255,from,10,44,rssi,29,msg,id,235,l,72.87,t,26.25,h,48.41,"
test,1503460956702539008,111,"255,from,10,44,rssi,0,msg,id,205,l,48.44,t,26.93,h,48.25,"
test,1503460957084395776,111,"255,light,74.90,160,temperature,25.66,humidity,47.60,"
test,1503460957546041856,111,"255,from,10,44,rssi,0,msg,id,205,l,48.44,t,26.94,h,48.28,"
test,1503460957864360960,111,"255,from,10,44,rssi,29,msg,id,235,l,74.49,t,26.25,h,48.38,"
test,1503460958405609984,111,"255,light,74.09,157,temperature,25.68,humidity,47.57,"
test,1503460959185526016,111,"255,from,10,44,rssi,29,msg,id,235,l,73.27,t,26.26,h,48.38,"
test,1503460959710697984,111,"255,light,73.27,161,temperature,25.68,humidity,47.53,"
test,1503460959885737984,111,"255,from,10,44,rssi,-1,msg,id,205,l,48.85,t,26.94,h,48.31,"
test,1503460961031788032,111,"255,light,74.49,160,temperature,25.69,humidity,47.53,"
test,1503460961429584896,111,"255,from,10,44,rssi,-1,msg,id,205,l,48.85,t,26.94,h,48.31,"
test,1503460961779720192,111,"255,from,10,44,rssi,29,msg,id,235,l,73.27,t,26.26,h,48.38,"
test,1503460962336857088,111,"255,light,75.31,159,temperature,25.70,humidity,47.53,"
test,1503460963021190912,111,"255,from,10,44,rssi,-2,msg,id,205,l,48.44,t,26.93,h,48.31,"
test,1503460963068862976,111,"255,from,10,44,rssi,29,msg,id,235,l,73.27,t,26.26,h,48.38,"
test,1503460963657833984,111,"255,light,73.68,158,temperature,25.69,humidity,47.50,"
test,1503460963801175040,111,"255,from,10,44,rssi,-1,msg,id,205,l,48.44,t,26.93,h,48.28,"
test,1503460964374136832,111,"255,from,10,44,rssi,29,msg,id,235,l,74.49,t,26.26,h,48.38,"
test,1503460964612848128,111,"255,from,10,44,rssi,0,msg,id,205,l,48.85,t,26.91,h,48.25,"
test,1503460964962928896,111,"255,light,73.68,161,temperature,25.70,humidity,47.53,"
test,1503460965376705024,111,"255,from,10,44,rssi,0,msg,id,205,l,49.25,t,26.93,h,48.25,"
test,1503460965679085056,111,"255,from,10,44,rssi,29,msg,id,235,l,73.68,t,26.27,h,48.38,"
test,1503460966298956032,111,"255,light,74.49,162,temperature,25.69,humidity,47.47,"
test,1503460966299074816,111,"255,from,10,44,rssi,0,msg,id,205,l,48.85,t,26.93,h,48.25,"
test,1503460966951534080,111,"255,from,10,44,rssi,1,msg,id,205,l,48.85,t,26.91,h,48.18,"
test,1503460966999209984,111,"255,from,10,44,rssi,29,msg,id,235,l,73.27,t,26.27,h,48.35,"
test,1503460967588072960,111,"255,light,74.90,159,temperature,25.69,humidity,47.44,"
test,1503460967747271168,111,"255,from,10,44,rssi,0,msg,id,205,l,49.25,t,26.91,h,48.18,"
test,1503460968288516096,111,"255,from,10,44,rssi,29,msg,id,235,l,73.68,t,26.27,h,48.35,"
test,1503460968909188864,111,"255,light,73.27,158,temperature,25.69,humidity,47.44,"
test,1503460969593536000,111,"255,from,10,44,rssi,29,msg,id,235,l,74.09,t,26.26,h,48.38,"
test,1503460970228264960,111,"255,light,74.90,159,temperature,25.69,humidity,47.47,"
test,1503460970228379136,111,"255,from,10,44,rssi,0,msg,id,205,l,48.44,t,26.91,h,48.15,"
test,1503460970880852992,111,"255,from,10,44,rssi,29,msg,id,235,l,74.49,t,26.26,h,48.31,"
test,1503460970944519936,111,"255,from,10,44,rssi,-3,msg,id,205,l,48.44,t,26.91,h,48.15,"
test,1503460971533379072,111,"255,light,74.49,161,temperature,25.69,humidity,47.40,"
test,1503460971708452096,111,"255,from,10,44,rssi,-3,msg,id,205,l,48.44,t,26.90,h,48.12,"
test,1503460972201796096,111,"255,from,10,44,rssi,29,msg,id,235,l,73.27,t,26.26,h,48.35,"
test,1503460972504240128,111,"255,from,10,44,rssi,-2,msg,id,205,l,48.85,t,26.90,h,48.09,"
test,1503460972838358016,111,"255,light,74.90,158,temperature,25.68,humidity,47.44,"
test,1503460973507028992,111,"255,from,10,44,rssi,29,msg,id,235,l,74.09,t,26.26,h,48.31,"
test,1503460974174535936,111,"255,light,73.68,159,temperature,25.66,humidity,47.40,"
test,1503460974174721024,111,"255,from,10,44,rssi,-6,msg,id,205,l,48.85,t,26.93,h,48.09,"
test,1503460974811214848,111,"255,from,10,44,rssi,29,msg,id,235,l,73.27,t,26.26,h,48.31,"
test,1503460974842934016,111,"255,from,10,44,rssi,-1,msg,id,205,l,48.44,t,26.94,h,48.05,"
test,1503460975463737856,111,"255,light,73.68,161,temperature,25.66,humidity,47.44,"
test,1503460976116282112,111,"255,from,10,44,rssi,28,msg,id,235,l,75.31,t,26.26,h,48.35,"
test,1503460976434612992,111,"255,from,10,44,rssi,0,msg,id,205,l,48.85,t,26.94,h,47.99,"
test,1503460976784745984,111,"255,light,74.90,162,temperature,25.63,humidity,47.44,"
test,1503460977214308864,111,"255,from,10,44,rssi,1,msg,id,205,l,48.44,t,26.94,h,47.99,"
test,1503460977405316096,111,"255,from,10,44,rssi,29,msg,id,235,l,74.49,t,26.26,h,48.31,"
test,1503460978089838080,111,"255,light,74.90,158,temperature,25.62,humidity,47.47,"
test,1503460978105783040,111,"255,from,10,44,rssi,0,msg,id,205,l,48.03,t,26.93,h,47.99,"
test,1503460978280817920,111,"255,from,10,44,rssi,28,msg,id,211,l,78.16,t,25.51,h,50.06,"
test,1503460978710622976,111,"255,from,10,44,rssi,29,msg,id,235,l,73.27,t,26.26,h,48.35,"
test,1503460979395104000,111,"255,light,74.09,159,temperature,25.62,humidity,47.47,"
test,1503460979601968896,111,"255,from,10,44,rssi,0,msg,id,205,l,48.85,t,26.93,h,47.96,"
test,1503460980111227904,111,"255,from,10,44,rssi,29,msg,id,235,l,73.68,t,26.26,h,48.31,"
test,1503460980365936128,111,"255,from,10,44,rssi,-1,msg,id,205,l,48.44,t,26.93,h,47.99,"
test,1503460980716080896,111,"255,light,74.90,161,temperature,25.62,humidity,47.50,"
test,1503460981193437952,111,"255,from,10,44,rssi,-1,msg,id,205,l,48.44,t,26.94,h,47.99,"
test,1503460981336710912,111,"255,from,10,44,rssi,29,msg,id,235,l,73.27,t,26.27,h,48.35,"
test,1503460982021123840,111,"255,light,74.49,158,temperature,25.61,humidity,47.53,"
test,1503460982037099008,111,"255,from,10,44,rssi,-2,msg,id,205,l,48.44,t,26.94,h,48.02,"
test,1503460982769309952,111,"255,from,10,44,rssi,29,msg,id,235,l,74.90,t,26.26,h,48.31,"
test,1503460983342152192,111,"255,light,73.68,158,temperature,25.61,humidity,47.53,"
test,1503460983549280768,111,"255,from,10,44,rssi,-4,msg,id,205,l,50.48,t,26.94,h,48.02,"
test,1503460983931045120,111,"255,from,10,44,rssi,29,msg,id,235,l,73.27,t,26.26,h,48.31,"
test,1503460984313114880,111,"255,from,10,44,rssi,-2,msg,id,205,l,49.25,t,26.94,h,48.05,"
test,1503460984647383808,111,"255,light,75.31,161,temperature,25.61,humidity,47.53,"
test,1503460985108873984,111,"255,from,10,44,rssi,-2,msg,id,205,l,48.85,t,26.94,h,48.09,"
test,1503460985252135936,111,"255,from,10,44,rssi,29,msg,id,235,l,74.49,t,26.26,h,48.35,"
test,1503460985968451072,111,"255,light,74.90,158,temperature,25.59,humidity,47.57,"
test,1503460986541490944,111,"255,from,10,44,rssi,29,msg,id,235,l,73.27,t,26.26,h,48.38,"
test,1503460987273531904,111,"255,light,73.68,158,temperature,25.61,humidity,47.60,"
test,1503460987480523008,111,"255,from,10,44,rssi,-1,msg,id,205,l,48.85,t,26.93,h,48.05,"
test,1503460987846510848,111,"255,from,10,44,rssi,29,msg,id,235,l,74.90,t,26.27,h,48.31,"
test,1503460988276262912,111,"255,from,10,44,rssi,-1,msg,id,205,l,49.66,t,26.94,h,48.02,"
test,1503460988594542080,111,"255,light,74.90,160,temperature,25.61,humidity,47.60,"
test,1503460989087945984,111,"255,from,10,44,rssi,-2,msg,id,205,l,48.03,t,26.94,h,47.99,"
test,1503460989151640064,111,"255,from,10,44,rssi,29,msg,id,235,l,73.27,t,26.27,h,48.31,"
test,1503460989899671040,111,"255,light,74.90,158,temperature,25.59,humidity,47.60,"
test,1503460989915574016,111,"255,from,10,44,rssi,-1,msg,id,205,l,48.85,t,26.95,h,47.99,"
test,1503460990456779008,111,"255,from,10,44,rssi,29,msg,id,235,l,74.49,t,26.27,h,48.35,"
test,1503460990647768064,111,"255,from,10,44,rssi,-1,msg,id,205,l,48.44,t,26.94,h,48.02,"
test,1503460991220601088,111,"255,light,74.09,159,temperature,25.58,humidity,47.60,"
test,1503460991459443968,111,"255,from,10,44,rssi,-4,msg,id,205,l,48.44,t,26.95,h,48.05,"
test,1503460991777810944,111,"255,from,10,44,rssi,29,msg,id,235,l,73.68,t,26.27,h,48.35,"
test,1503460992223496960,111,"255,from,10,44,rssi,-1,msg,id,205,l,48.44,t,26.95,h,48.05,"
test,1503460992541742080,111,"255,light,74.09,159,temperature,25.58,humidity,47.63,"
test,1503460993019170048,111,"255,from,10,44,rssi,0,msg,id,205,l,48.44,t,26.95,h,48.02,"
test,1503460993083003136,111,"255,from,10,44,rssi,29,msg,id,235,l,73.68,t,26.30,h,48.35,"
test,1503460993846956032,111,"255,light,74.49,160,temperature,25.59,humidity,47.63,"
test,1503460993862746112,111,"255,from,10,44,rssi,0,msg,id,205,l,48.44,t,26.95,h,47.99,"
test,1503460994372355840,111,"255,from,10,44,rssi,29,msg,id,235,l,74.09,t,26.29,h,48.31,"
test,1503460995168041984,111,"255,light,75.31,157,temperature,25.61,humidity,47.63,"
test,1503460995374703872,111,"255,from,10,44,rssi,0,msg,id,205,l,48.44,t,26.97,h,47.92,"
test,1503460995677234944,111,"255,from,10,44,rssi,28,msg,id,235,l,73.27,t,26.29,h,48.31,"
test,1503460996473149184,111,"255,light,73.27,158,temperature,25.62,humidity,47.63,"
test,1503460996489145088,111,"255,from,10,44,rssi,0,msg,id,205,l,48.85,t,26.98,h,47.92,"
test,1503460996966579968,111,"255,from,10,44,rssi,0,msg,id,205,l,49.25,t,26.98,h,47.92,"
test,1503460997062070016,111,"255,from,10,44,rssi,29,msg,id,235,l,74.49,t,26.30,h,48.31,"
test,1503460997778268928,111,"255,light,74.49,160,temperature,25.63,humidity,47.63,"
test,1503460998048791808,111,"255,from,10,44,rssi,0,msg,id,205,l,48.85,t,26.98,h,47.92,"
test,1503460998605801216,111,"255,from,10,44,rssi,0,msg,id,205,l,49.25,t,26.98,h,47.89,"
test,1503460999099225088,111,"255,light,74.90,159,temperature,25.65,humidity,47.60,"
test,1503460999322072064,111,"255,from,10,44,rssi,0,msg,id,205,l,48.85,t,26.98,h,47.99,"
test,1503460999592730112,111,"255,from,10,44,rssi,29,msg,id,235,l,74.49,t,26.31,h,48.31,"
test,1503461000420284928,111,"255,light,73.68,157,temperature,25.66,humidity,47.60,"
test,1503461000881891072,111,"255,from,10,44,rssi,29,msg,id,235,l,74.90,t,26.33,h,48.28,"
test,1503461000913674240,111,"255,from,10,44,rssi,0,msg,id,205,l,48.44,t,27.01,h,48.12,"
test,1503461001740402944,111,"255,light,74.49,162,temperature,25.68,humidity,47.57,"
test,1503461001740510976,111,"255,from,10,44,rssi,0,msg,id,205,l,49.25,t,27.01,h,48.18,"
test,1503461002186050048,111,"255,from,10,44,rssi,29,msg,id,235,l,73.68,t,26.33,h,48.25,"
test,1503461002488430080,111,"255,from,10,44,rssi,-1,msg,id,205,l,48.85,t,26.98,h,48.22,"
test,1503461003029612032,111,"255,light,75.31,160,temperature,25.69,humidity,47.57,"
test,1503461003300035840,111,"255,from,10,44,rssi,-4,msg,id,205,l,48.44,t,27.00,h,48.15,"
test,1503461003507052032,111,"255,from,10,44,rssi,29,msg,id,235,l,74.90,t,26.33,h,48.25,"
test,1503461004350691072,111,"255,light,74.09,158,temperature,25.68,humidity,47.53,"
test,1503461004366458880,111,"255,from,10,44,rssi,0,msg,id,205,l,48.44,t,27.00,h,48.18,"
test,1503461004780296960,111,"255,from,10,44,rssi,29,msg,id,235,l,73.27,t,26.33,h,48.25,"
test,1503461004875757824,111,"255,from,10,44,rssi,-1,msg,id,205,l,48.44,t,26.98,h,48.18,"
test,1503461005655705088,111,"255,light,73.27,160,temperature,25.66,humidity,47.50,"
test,1503461006101368064,111,"255,from,10,44,rssi,29,msg,id,235,l,74.90,t,26.33,h,48.25,"
test,1503461006976777984,111,"255,light,74.90,160,temperature,25.66,humidity,47.53,"
test,1503461007215378944,111,"255,from,10,44,rssi,0,msg,id,205,l,48.44,t,26.98,h,48.05,"
test,1503461007406481152,111,"255,from,10,44,rssi,29,msg,id,235,l,73.27,t,26.31,h,48.25,"
test,1503461008281858048,111,"255,light,73.27,159,temperature,25.68,humidity,47.53,"
test,1503461008297797888,111,"255,from,10,44,rssi,0,msg,id,205,l,48.44,t,26.98,h,48.05,"
test,1503461008695703040,111,"255,from,10,44,rssi,29,msg,id,235,l,74.09,t,26.30,h,48.25,"
test,1503461008822998016,111,"255,from,10,44,rssi,0,msg,id,205,l,48.85,t,26.98,h,48.05,"
test,1503461009617815040,111,"255,light,72.87,157,temperature,25.66,humidity,47.53,"
test,1503461009617917952,111,"255,from,10,44,rssi,0,msg,id,205,l,48.85,t,26.97,h,48.05,"
test,1503461010031738880,111,"255,from,10,44,rssi,29,msg,id,235,l,73.27,t,26.31,h,48.25,"
test,1503461010906991104,111,"255,light,72.87,160,temperature,25.69,humidity,47.47,"
test,1503461011161638144,111,"255,from,10,44,rssi,0,msg,id,205,l,48.85,t,26.98,h,48.12,"
test,1503461011304924928,111,"255,from,10,44,rssi,28,msg,id,235,l,74.09,t,26.30,h,48.25,"
test,1503461012243021056,111,"255,light,74.90,160,temperature,25.69,humidity,47.50,"
test,1503461012243129088,111,"255,from,10,44,rssi,0,msg,id,205,l,48.03,t,26.98,h,48.09,"
test,1503461012768261888,111,"255,from,10,44,rssi,0,msg,id,205,l,48.85,t,26.98,h,48.05,"
test,1503461013532231936,111,"255,light,73.27,158,temperature,25.68,humidity,47.47,"
test,1503461013930136064,111,"255,from,10,44,rssi,28,msg,id,235,l,74.90,t,26.30,h,48.25,"
test,1503461014328086016,111,"255,from,10,44,rssi,0,msg,id,205,l,48.85,t,27.00,h,48.02,"
test,1503461014853279232,111,"255,light,73.68,159,temperature,25.66,humidity,47.47,"
test,1503461015123768064,111,"255,from,10,44,rssi,-1,msg,id,205,l,48.44,t,26.98,h,47.99,"
test,1503461015251270144,111,"255,from,10,44,rssi,29,msg,id,235,l,74.49,t,26.30,h,48.22,"
test,1503461016158278912,111,"255,light,74.90,161,temperature,25.68,humidity,47.47,"
test,1503461016174292992,111,"255,from,10,44,rssi,0,msg,id,205,l,49.25,t,26.98,h,47.99,"
test,1503461016540365056,111,"255,from,10,44,rssi,29,msg,id,235,l,74.49,t,26.31,h,48.22,"
test,1503461016699542016,111,"255,from,10,44,rssi,0,msg,id,205,l,49.25,t,27.00,h,47.96,"
test,1503461017494313984,111,"255,light,75.72,159,temperature,25.68,humidity,47.47,"
test,1503461017496804096,111,"255,from,10,44,rssi,0,msg,id,205,l,48.44,t,27.00,h,47.92,"
test,1503461018783660800,111,"255,light,74.09,156,temperature,25.68,humidity,47.44,"
test,1503461019101856000,111,"255,from,10,44,rssi,0,msg,id,205,l,48.44,t,27.00,h,47.92,"
test,1503461019133722112,111,"255,from,10,44,rssi,29,msg,id,235,l,75.31,t,26.30,h,48.18,"
test,1503461020104568064,111,"255,light,74.09,161,temperature,25.69,humidity,47.44,"
test,1503461020104696064,111,"255,from,10,44,rssi,0,msg,id,205,l,47.63,t,26.98,h,47.92,"
test,1503461020438834944,111,"255,from,10,44,rssi,29,msg,id,235,l,76.12,t,26.33,h,48.18,"
test,1503461020661680896,111,"255,from,10,44,rssi,0,msg,id,205,l,48.44,t,26.98,h,47.92,"
test,1503461021409751040,111,"255,light,76.53,158,temperature,25.68,humidity,47.44,"
test,1503461021425645056,111,"255,from,10,44,rssi,0,msg,id,205,l,48.44,t,26.98,h,47.89,"
test,1503461021743983104,111,"255,from,10,44,rssi,29,msg,id,235,l,73.27,t,26.33,h,48.18,"
test,1503461022221466112,111,"255,from,10,44,rssi,0,msg,id,205,l,48.85,t,26.98,h,47.92,"
test,1503461022730812928,111,"255,light,74.49,157,temperature,25.66,humidity,47.40,"
test,1503461023017251072,111,"255,from,10,44,rssi,0,msg,id,205,l,48.85,t,26.98,h,47.92,"
test,1503461023049086976,111,"255,from,10,44,rssi,29,msg,id,235,l,74.90,t,26.31,h,48.18,"
test,1503461024035954944,111,"255,light,74.09,160,temperature,25.68,humidity,47.44,"
test,1503461024051815936,111,"255,from,10,44,rssi,0,msg,id,205,l,48.85,t,26.98,h,47.89,"
test,1503461024354257152,111,"255,from,10,44,rssi,29,msg,id,235,l,73.27,t,26.31,h,48.18,"
test,1503461025341073152,111,"255,light,75.31,161,temperature,25.66,humidity,47.44,"
test,1503461025404705024,111,"255,from,10,44,rssi,0,msg,id,205,l,48.85,t,26.97,h,47.92,"
test,1503461025643433216,111,"255,from,10,44,rssi,29,msg,id,235,l,74.90,t,26.31,h,48.18,"
test,1503461026184529920,111,"255,from,10,44,rssi,0,msg,id,205,l,49.25,t,26.95,h,47.96,"
test,1503461026662110976,111,"255,light,74.09,158,temperature,25.66,humidity,47.47,"
test,1503461026932823808,111,"255,from,10,44,rssi,28,msg,id,235,l,76.12,t,26.31,h,48.18,"
test,1503461027314654208,111,"255,from,10,44,rssi,0,msg,id,205,l,48.03,t,26.94,h,47.89,"
test,1503461027967137024,111,"255,light,74.09,158,temperature,25.66,humidity,47.47,"
test,1503461027983139072,111,"255,from,10,44,rssi,0,msg,id,205,l,49.25,t,26.94,h,47.92,"
test,1503461028253631232,111,"255,from,10,44,rssi,29,msg,id,235,l,73.27,t,26.31,h,48.18,"
test,1503461028540177152,111,"255,from,10,44,rssi,0,msg,id,205,l,48.44,t,26.94,h,47.92,"
test,1503461029288247040,111,"255,light,74.90,160,temperature,25.66,humidity,47.47,"
test,1503461029526947072,111,"255,from,10,44,rssi,29,msg,id,235,l,75.72,t,26.33,h,48.18,"
test,1503461030593512960,111,"255,light,74.90,158,temperature,25.66,humidity,47.47,"
test,1503461030848022016,111,"255,from,10,44,rssi,29,msg,id,235,l,74.90,t,26.34,h,48.18,"
test,1503461030911671040,111,"255,from,10,44,rssi,0,msg,id,205,l,48.85,t,26.91,h,47.92,"
test,1503461031929337856,111,"255,light,73.68,158,temperature,25.68,humidity,47.47,"
test,1503461031929440000,111,"255,from,10,44,rssi,1,msg,id,205,l,48.44,t,26.91,h,47.99,"
test,1503461032486466816,111,"255,from,10,44,rssi,29,msg,id,235,l,73.68,t,26.34,h,48.18,"
test,1503461033218509056,111,"255,light,74.49,161,temperature,25.66,humidity,47.50,"
test,1503461033298149120,111,"255,from,10,44,rssi,3,msg,id,205,l,48.44,t,26.91,h,48.05,"
test,1503461033441408000,111,"255,from,10,44,rssi,29,msg,id,235,l,75.72,t,26.36,h,48.18,"
test,1503461034062102016,111,"255,from,10,44,rssi,3,msg,id,205,l,48.44,t,26.91,h,48.05,"
test,1503461034539622912,111,"255,light,75.31,158,temperature,25.68,humidity,47.50,"
test,1503461034746535168,111,"255,from,10,44,rssi,29,msg,id,235,l,73.27,t,26.34,h,48.18,"
test,1503461034841986048,111,"255,from,10,44,rssi,3,msg,id,205,l,48.85,t,26.90,h,48.05,"
test,1503461035844847872,111,"255,light,74.09,159,temperature,25.68,humidity,47.47,"
test,1503461035860642048,111,"255,from,10,44,rssi,3,msg,id,205,l,48.85,t,26.91,h,48.12,"
test,1503461036051672832,111,"255,from,10,44,rssi,29,msg,id,235,l,74.49,t,26.34,h,48.18,"
test,1503461036465437952,111,"255,from,10,44,rssi,3,msg,id,205,l,48.85,t,26.91,h,48.18,"
test,1503461037165836032,111,"255,light,74.49,161,temperature,25.69,humidity,47.50,"
test,1503461037229465088,111,"255,from,10,44,rssi,3,msg,id,205,l,51.29,t,26.90,h,48.22,"
test,1503461037340910080,111,"255,from,10,44,rssi,29,msg,id,235,l,76.12,t,26.36,h,48.15,"
test,1503461038009362944,111,"255,from,10,44,rssi,3,msg,id,205,l,48.03,t,26.91,h,48.22,"
test,1503461038470913792,111,"255,light,75.31,157,temperature,25.69,humidity,47.50,"
test,1503461038582386944,111,"255,from,10,44,rssi,28,msg,id,211,l,79.38,t,25.51,h,49.93,"
test,1503461038645984768,111,"255,from,10,44,rssi,29,msg,id,235,l,74.49,t,26.34,h,48.18,"
test,1503461038821104896,111,"255,from,10,44,rssi,3,msg,id,205,l,49.25,t,26.91,h,48.18,"
test,1503461039806874880,111,"255,light,74.09,157,temperature,25.69,humidity,47.47,"
test,1503461039806978048,111,"255,from,10,44,rssi,3,msg,id,205,l,48.85,t,26.90,h,48.25,"
test,1503461039966011904,111,"255,from,10,44,rssi,29,msg,id,235,l,74.49,t,26.33,h,48.18,"
test,1503461041096060160,111,"255,light,74.09,160,temperature,25.69,humidity,47.47,"
test,1503461041191631104,111,"255,from,10,44,rssi,2,msg,id,205,l,48.85,t,26.91,h,48.22,"
test,1503461041255228160,111,"255,from,10,44,rssi,28,msg,id,235,l,74.09,t,26.33,h,48.15,"
test,1503461041971576832,111,"255,from,10,44,rssi,2,msg,id,205,l,48.85,t,26.93,h,48.18,"
test,1503461042417215232,111,"255,light,75.31,159,temperature,25.69,humidity,47.47,"
test,1503461042560532992,111,"255,from,10,44,rssi,29,msg,id,235,l,74.09,t,26.33,h,48.18,"
test,1503461042751333888,111,"255,from,10,44,rssi,2,msg,id,205,l,48.03,t,26.91,h,48.12,"
test,1503461043722341120,111,"255,light,73.68,162,temperature,25.70,humidity,47.47,"
test,1503461043738205952,111,"255,from,10,44,rssi,2,msg,id,205,l,49.25,t,26.93,h,48.12,"
test,1503461043865443072,111,"255,from,10,44,rssi,29,msg,id,235,l,75.31,t,26.33,h,48.15,"
test,1503461044327034880,111,"255,from,10,44,rssi,3,msg,id,205,l,48.85,t,26.93,h,48.09,"
test,1503461045027364096,111,"255,light,74.09,160,temperature,25.72,humidity,47.47,"
test,1503461045169672960,111,"255,from,10,44,rssi,2,msg,id,205,l,47.63,t,26.94,h,48.05,"
test,1503461045169774080,111,"255,from,10,44,rssi,28,msg,id,235,l,74.90,t,26.34,h,48.18,"
test,1503461045901783040,111,"255,from,10,44,rssi,3,msg,id,205,l,49.25,t,26.94,h,48.02,"
test,1503461046347464192,111,"255,light,75.31,161,temperature,25.70,humidity,47.47,"
test,1503461046474666240,111,"255,from,10,44,rssi,29,msg,id,235,l,74.90,t,26.33,h,48.15,"
test,1503461046713395200,111,"255,from,10,44,rssi,3,msg,id,205,l,49.25,t,26.91,h,47.96,"
test,1503461047652544000,111,"255,light,75.31,159,temperature,25.70,humidity,47.44,"
test,1503461047668387840,111,"255,from,10,44,rssi,3,msg,id,205,l,49.25,t,26.93,h,47.99,"
test,1503461047779766016,111,"255,from,10,44,rssi,29,msg,id,235,l,74.90,t,26.33,h,48.18,"
test,1503461048273121024,111,"255,from,10,44,rssi,3,msg,id,205,l,50.48,t,26.93,h,47.96,"
test,1503461048973710080,111,"255,light,74.09,158,temperature,25.69,humidity,47.40,"
test,1503461049069134080,111,"255,from,10,44,rssi,3,msg,id,205,l,48.85,t,26.94,h,47.92,"
test,1503461049100812800,111,"255,from,10,44,rssi,29,msg,id,235,l,75.72,t,26.33,h,48.15,"
test,1503461050278708992,111,"255,light,74.49,161,temperature,25.69,humidity,47.40,"
test,1503461050390166016,111,"255,from,10,44,rssi,29,msg,id,235,l,73.68,t,26.33,h,48.15,"
test,1503461050644780032,111,"255,from,10,44,rssi,2,msg,id,205,l,49.25,t,26.91,h,47.86,"
test,1503461051599705856,111,"255,light,75.31,158,temperature,25.69,humidity,47.40,"
test,1503461051615662080,111,"255,from,10,44,rssi,2,msg,id,205,l,48.03,t,26.94,h,47.96,"
test,1503461051695175936,111,"255,from,10,44,rssi,29,msg,id,235,l,75.31,t,26.33,h,48.18,"
test,1503461052220515840,111,"255,from,10,44,rssi,2,msg,id,205,l,48.85,t,26.94,h,47.99,"
test,1503461052904846848,111,"255,light,74.49,158,temperature,25.69,humidity,47.44,"
test,1503461053000366080,111,"255,from,10,44,rssi,29,msg,id,235,l,74.49,t,26.33,h,48.18,"
test,1503461053016224000,111,"255,from,10,44,rssi,3,msg,id,205,l,48.85,t,26.93,h,48.09,"
test,1503461054225996032,111,"255,light,74.49,161,temperature,25.68,humidity,47.44,"
test,1503461054305540096,111,"255,from,10,44,rssi,28,msg,id,235,l,75.72,t,26.33,h,48.18,"
test,1503461054592017920,111,"255,from,10,44,rssi,2,msg,id,205,l,48.85,t,26.91,h,48.12,"
test,1503461055531083008,111,"255,light,75.31,161,temperature,25.68,humidity,47.47,"
test,1503461055547003136,111,"255,from,10,44,rssi,2,msg,id,205,l,48.85,t,26.91,h,48.22,"
test,1503461055610584064,111,"255,from,10,44,rssi,29,msg,id,235,l,74.49,t,26.33,h,48.18,"
test,1503461056167614976,111,"255,from,10,44,rssi,3,msg,id,205,l,48.85,t,26.91,h,48.28,"
test,1503461056852114944,111,"255,light,74.90,158,temperature,25.69,humidity,47.47,"
test,1503461056915889920,111,"255,from,10,44,rssi,29,msg,id,235,l,75.72,t,26.33,h,48.15,"
test,1503461056963525888,111,"255,from,10,44,rssi,3,msg,id,205,l,49.25,t,26.91,h,48.25,"
test,1503461057743369216,111,"255,from,10,44,rssi,3,msg,id,205,l,48.44,t,26.91,h,48.31,"
test,1503461058157319936,111,"255,light,74.09,158,temperature,25.69,humidity,47.47,"
test,1503461058220812032,111,"255,from,10,44,rssi,29,msg,id,235,l,72.87,t,26.33,h,48.18,"
test,1503461058539277056,111,"255,from,10,44,rssi,2,msg,id,205,l,48.85,t,26.91,h,48.31,"
test,1503461059493150976,111,"255,light,74.90,161,temperature,25.70,humidity,47.47,"
test,1503461059493268992,111,"255,from,10,44,rssi,3,msg,id,205,l,48.44,t,26.93,h,48.31,"
test,1503461060113921024,111,"255,from,10,44,rssi,3,msg,id,205,l,48.03,t,26.94,h,48.31,"
test,1503461060782306816,111,"255,light,75.31,160,temperature,25.69,humidity,47.44,"
test,1503461060846054144,111,"255,from,10,44,rssi,28,msg,id,235,l,73.68,t,26.36,h,48.18,"
test,1503461060925579008,111,"255,from,10,44,rssi,3,msg,id,205,l,48.85,t,26.94,h,48.31,"
test,1503461061705524992,111,"255,from,10,44,rssi,2,msg,id,205,l,48.85,t,26.93,h,48.41,"
test,1503461062103396864,111,"255,light,74.09,158,temperature,25.69,humidity,47.44,"
test,1503461062119448064,111,"255,from,10,44,rssi,29,msg,id,235,l,74.90,t,26.36,h,48.18,"
test,1503461062549114112,111,"255,from,10,44,rssi,3,msg,id,205,l,48.85,t,26.94,h,48.44,"
test,1503461063438554880,111,"255,light,74.49,160,temperature,25.69,humidity,47.47,"
test,1503461063438663936,111,"255,from,10,44,rssi,3,msg,id,205,l,48.44,t,26.94,h,48.41,"
test,1503461063438790912,111,"255,from,10,44,rssi,29,msg,id,235,l,72.05,t,26.33,h,48.18,"
test,1503461064075009024,111,"255,from,10,44,rssi,3,msg,id,205,l,48.85,t,26.94,h,48.41,"
test,1503461064727636224,111,"255,light,75.31,160,temperature,25.69,humidity,47.44,"
test,1503461064743514112,111,"255,from,10,44,rssi,29,msg,id,235,l,74.49,t,26.33,h,48.18,"
test,1503461064886817024,111,"255,from,10,44,rssi,2,msg,id,205,l,48.85,t,26.94,h,48.38,"
test,1503461065666737152,111,"255,from,10,44,rssi,2,msg,id,205,l,49.25,t,26.94,h,48.38,"
test,1503461066032741120,111,"255,light,74.49,157,temperature,25.69,humidity,47.47,"
test,1503461066064569856,111,"255,from,10,44,rssi,29,msg,id,235,l,73.68,t,26.33,h,48.18,"
test,1503461066446522880,111,"255,from,10,44,rssi,3,msg,id,205,l,49.25,t,26.94,h,48.35,"
test,1503461067353816064,111,"255,light,74.90,161,temperature,25.69,humidity,47.47,"
test,1503461067353938176,111,"255,from,10,44,rssi,2,msg,id,205,l,48.44,t,26.95,h,48.31,"
test,1503461067369489920,111,"255,from,10,44,rssi,29,msg,id,235,l,74.90,t,26.33,h,48.18,"
test,1503461068022232064,111,"255,from,10,44,rssi,2,msg,id,205,l,48.85,t,26.93,h,48.38,"
test,1503461068658982912,111,"255,light,74.90,160,temperature,25.69,humidity,47.47,"
test,1503461068674902016,111,"255,from,10,44,rssi,29,msg,id,235,l,73.27,t,26.30,h,48.22,"
test,1503461068818141952,111,"255,from,10,44,rssi,3,msg,id,205,l,48.85,t,26.94,h,48.31,"
test,1503461069964039168,111,"255,light,76.12,158,temperature,25.69,humidity,47.47,"
test,1503461069979990016,111,"255,from,10,44,rssi,29,msg,id,235,l,75.31,t,26.30,h,48.22,"
test,1503461070425643008,111,"255,from,10,44,rssi,2,msg,id,205,l,48.85,t,26.91,h,48.35,"
test,1503461071299122176,111,"255,light,74.49,160,temperature,25.69,humidity,47.44,"
test,1503461071299227904,111,"255,from,10,44,rssi,3,msg,id,205,l,48.85,t,26.91,h,48.31,"
test,1503461071967516928,111,"255,from,10,44,rssi,3,msg,id,205,l,48.85,t,26.93,h,48.31,"
test,1503461072618971136,111,"255,light,75.31,161,temperature,25.69,humidity,47.47,"
test,1503461072619080192,111,"255,from,10,44,rssi,29,msg,id,235,l,74.09,t,26.30,h,48.22,"
test,1503461072778265088,111,"255,from,10,44,rssi,3,msg,id,205,l,48.85,t,26.91,h,48.28,"
test,1503461073558178048,111,"255,from,10,44,rssi,3,msg,id,205,l,48.44,t,26.91,h,48.31,"
test,1503461073908300032,111,"255,light,74.90,157,temperature,25.69,humidity,47.47,"
test,1503461073924190976,111,"255,from,10,44,rssi,29,msg,id,235,l,74.49,t,26.30,h,48.22,"
test,1503461074322014208,111,"255,from,10,44,rssi,4,msg,id,205,l,48.85,t,26.90,h,48.25,"
test,1503461075213381888,111,"255,light,74.90,159,temperature,25.69,humidity,47.47,"
test,1503461075229355008,111,"255,from,10,44,rssi,3,msg,id,205,l,48.44,t,26.91,h,48.25,"
test,1503461075913649152,111,"255,from,10,44,rssi,3,msg,id,205,l,47.22,t,26.90,h,48.25,"
test,1503461076548449024,111,"255,light,75.31,163,temperature,25.68,humidity,47.47,"
test,1503461076548555008,111,"255,from,10,44,rssi,29,msg,id,235,l,75.31,t,26.30,h,48.25,"
test,1503461077487492096,111,"255,from,10,44,rssi,3,msg,id,205,l,48.85,t,26.91,h,48.18,"
test,1503461077867374848,111,"255,light,76.53,161,temperature,25.66,humidity,47.47,"
test,1503461077867461888,111,"255,from,10,44,rssi,29,msg,id,235,l,74.09,t,26.30,h,48.25,"
test,1503461078297192960,111,"255,from,10,44,rssi,3,msg,id,205,l,48.85,t,26.93,h,48.18,"
test,1503461079156701952,111,"255,light,73.27,158,temperature,25.66,humidity,47.50,"
test,1503461079172658944,111,"255,from,10,44,rssi,29,msg,id,235,l,73.68,t,26.30,h,48.25,"
test,1503461079857058048,111,"255,from,10,44,rssi,3,msg,id,205,l,48.85,t,26.94,h,48.25,"
test,1503461080492605952,111,"255,light,74.90,161,temperature,25.66,humidity,47.47,"
test,1503461080492724992,111,"255,from,10,44,rssi,29,msg,id,235,l,73.27,t,26.30,h,48.25,"
test,1503461080651766016,111,"255,from,10,44,rssi,3,msg,id,205,l,48.44,t,26.91,h,48.28,"
test,1503461081431657984,111,"255,from,10,44,rssi,3,msg,id,205,l,48.85,t,26.93,h,48.41,"
test,1503461081781776896,111,"255,light,75.31,158,temperature,25.63,humidity,47.50,"
test,1503461081797797888,111,"255,from,10,44,rssi,29,msg,id,235,l,74.09,t,26.29,h,48.25,"
test,1503461082243352832,111,"255,from,10,44,rssi,3,msg,id,205,l,48.85,t,26.93,h,48.44,"
test,1503461083116731904,111,"255,light,74.49,159,temperature,25.63,humidity,47.53,"
test,1503461083116851200,111,"255,from,10,44,rssi,29,msg,id,235,l,73.27,t,26.30,h,48.28,"
test,1503461083801136896,111,"255,from,10,44,rssi,4,msg,id,205,l,48.85,t,26.91,h,48.44,"
test,1503461084406043136,111,"255,light,74.90,160,temperature,25.62,humidity,47.57,"
test,1503461084421856000,111,"255,from,10,44,rssi,29,msg,id,235,l,72.87,t,26.30,h,48.28,"
test,1503461084628820992,111,"255,from,10,44,rssi,3,msg,id,205,l,48.85,t,26.91,h,48.41,"
test,1503461085392744960,111,"255,from,10,44,rssi,3,msg,id,205,l,48.85,t,26.91,h,48.41,"
test,1503461085727026944,111,"255,light,74.90,158,temperature,25.62,humidity,47.53,"
test,1503461085742916096,111,"255,from,10,44,rssi,29,msg,id,235,l,75.72,t,26.30,h,48.25,"
test,1503461087032193792,111,"255,light,74.90,160,temperature,25.62,humidity,47.60,"
test,1503461087048156928,111,"255,from,10,44,rssi,29,msg,id,235,l,73.27,t,26.30,h,48.28,"
test,1503461087748478976,111,"255,from,10,44,rssi,2,msg,id,205,l,48.85,t,26.91,h,48.57,"
test,1503461088337303040,111,"255,light,75.31,161,temperature,25.62,humidity,47.60,"
test,1503461088353221888,111,"255,from,10,44,rssi,29,msg,id,235,l,74.09,t,26.31,h,48.28,"
test,1503461088560046848,111,"255,from,10,44,rssi,3,msg,id,205,l,48.85,t,26.91,h,48.57,"
test,1503461089324237056,111,"255,from,10,44,rssi,3,msg,id,205,l,48.85,t,26.93,h,48.54,"
test,1503461089673229056,111,"255,light,76.12,162,temperature,25.62,humidity,47.60,"
test,1503461089673337088,111,"255,from,10,44,rssi,29,msg,id,235,l,73.68,t,26.31,h,48.28,"
test,1503461090962449152,111,"255,light,74.90,159,temperature,25.59,humidity,47.60,"
test,1503461090978300928,111,"255,from,10,44,rssi,3,msg,id,205,l,48.85,t,26.91,h,48.51,"
test,1503461092297364992,111,"255,light,74.09,163,temperature,25.62,humidity,47.60,"
test,1503461092297477888,111,"255,from,10,44,rssi,29,msg,id,235,l,73.68,t,26.30,h,48.25,"
test,1503461092504340992,111,"255,from,10,44,rssi,2,msg,id,205,l,48.85,t,26.94,h,48.31,"
test,1503461093616452096,111,"255,light,76.12,162,temperature,25.62,humidity,47.60,"
test,1503461093616569088,111,"255,from,10,44,rssi,2,msg,id,205,l,48.85,t,26.94,h,48.28,"
test,1503461094078115840,111,"255,from,10,44,rssi,3,msg,id,205,l,48.85,t,26.94,h,48.25,"
test,1503461094905745920,111,"255,light,75.72,158,temperature,25.62,humidity,47.63,"
test,1503461094921655808,111,"255,from,10,44,rssi,29,msg,id,235,l,75.31,t,26.31,h,48.25,"
test,1503461095653852928,111,"255,from,10,44,rssi,3,msg,id,205,l,48.44,t,26.94,h,48.22,"
test,1503461096240668928,111,"255,light,74.90,163,temperature,25.62,humidity,47.60,"
test,1503461096240782080,111,"255,from,10,44,rssi,29,msg,id,235,l,72.87,t,26.30,h,48.25,"
test,1503461096479491840,111,"255,from,10,44,rssi,4,msg,id,205,l,48.44,t,26.94,h,48.12,"
test,1503461097529833984,111,"255,light,76.94,160,temperature,25.62,humidity,47.60,"
test,1503461097545691904,111,"255,from,10,44,rssi,29,msg,id,235,l,75.72,t,26.30,h,48.25,"
test,1503461098876069120,111,"255,light,75.72,160,temperature,25.62,humidity,47.63,"
test,1503461098876153088,111,"255,from,10,44,rssi,29,msg,id,235,l,73.27,t,26.30,h,48.25,"
test,1503461098876292864,111,"255,from,10,44,rssi,28,msg,id,211,l,79.38,t,25.55,h,50.12,"
test,1503461100178906880,111,"255,light,74.49,161,temperature,25.62,humidity,47.60,"
test,1503461100181446912,111,"255,from,10,44,rssi,29,msg,id,235,l,74.49,t,26.29,h,48.25,"
test,1503461100401700096,111,"255,from,10,44,rssi,3,msg,id,205,l,48.85,t,26.95,h,48.02,"
test,1503461101468193024,111,"255,light,75.31,163,temperature,25.62,humidity,47.60,"
test,1503461101484018176,111,"255,from,10,44,rssi,3,msg,id,205,l,48.85,t,26.95,h,48.05,"
test,1503461102804140032,111,"255,light,74.90,159,temperature,25.62,humidity,47.60,"
test,1503461102804246016,111,"255,from,10,44,rssi,29,msg,id,235,l,74.09,t,26.30,h,48.25,"
test,1503461104093285120,111,"255,light,74.09,158,temperature,25.62,humidity,47.60,"
test,1503461104109163008,111,"255,from,10,44,rssi,29,msg,id,235,l,73.27,t,26.33,h,48.25,"
test,1503461104363902976,111,"255,from,10,44,rssi,4,msg,id,205,l,48.85,t,26.95,h,48.05,"
test,1503461105428247808,111,"255,light,75.31,163,temperature,25.62,humidity,47.60,"
test,1503461105428348160,111,"255,from,10,44,rssi,4,msg,id,205,l,48.44,t,26.97,h,48.09,"
test,1503461105937519104,111,"255,from,10,44,rssi,4,msg,id,205,l,48.44,t,26.95,h,48.12,"
test,1503461106717324032,111,"255,light,76.53,160,temperature,25.62,humidity,47.60,"
test,1503461106733329152,111,"255,from,10,44,rssi,29,msg,id,235,l,74.49,t,26.33,h,48.25,"
test,1503461107497332224,111,"255,from,10,44,rssi,3,msg,id,205,l,48.03,t,26.97,h,48.18,"
test,1503461108053405952,111,"255,light,74.09,158,temperature,25.62,humidity,47.60,"
test,1503461108053505792,111,"255,from,10,44,rssi,28,msg,id,235,l,72.87,t,26.33,h,48.25,"
test,1503461108292368896,111,"255,from,10,44,rssi,3,msg,id,205,l,48.03,t,26.98,h,48.25,"
test,1503461109342669056,111,"255,light,76.53,162,temperature,25.62,humidity,47.60,"
test,1503461109358465792,111,"255,from,10,44,rssi,29,msg,id,235,l,74.49,t,26.33,h,48.25,"
test,1503461110677541120,111,"255,light,76.12,159,temperature,25.63,humidity,47.60,"
test,1503461110679974912,111,"255,from,10,44,rssi,29,msg,id,235,l,72.87,t,26.33,h,48.22,"
test,1503461111966799872,111,"255,light,74.90,158,temperature,25.63,humidity,47.60,"
test,1503461111982664192,111,"255,from,10,44,rssi,2,msg,id,205,l,49.25,t,26.98,h,48.51,"
test,1503461112269182976,111,"255,from,10,44,rssi,3,msg,id,205,l,48.85,t,26.97,h,48.48,"
test,1503461112969521152,111,"255,from,10,44,rssi,29,msg,id,235,l,73.27,t,26.33,h,48.22,"
test,1503461113287985920,111,"255,light,74.90,161,temperature,25.66,humidity,47.57,"
test,1503461113303776000,111,"255,from,10,44,rssi,3,msg,id,205,l,48.85,t,26.95,h,48.48,"
test,1503461113829051136,111,"255,from,10,44,rssi,3,msg,id,205,l,48.85,t,26.98,h,48.51,"
test,1503461114274683904,111,"255,from,10,44,rssi,29,msg,id,235,l,73.27,t,26.33,h,48.22,"
test,1503461114592894976,111,"255,light,75.31,158,temperature,25.66,humidity,47.57,"
test,1503461114608890112,111,"255,from,10,44,rssi,3,msg,id,205,l,48.03,t,26.98,h,48.48,"
test,1503461115404742912,111,"255,from,10,44,rssi,2,msg,id,205,l,48.85,t,26.95,h,48.44,"
test,1503461115595825920,111,"255,from,10,44,rssi,29,msg,id,235,l,73.68,t,26.33,h,48.22,"
test,1503461115913986816,111,"255,light,73.68,157,temperature,25.66,humidity,47.57,"
test,1503461116184642048,111,"255,from,10,44,rssi,4,msg,id,205,l,48.44,t,26.95,h,48.44,"
test,1503461116884929024,111,"255,from,10,44,rssi,29,msg,id,235,l,73.68,t,26.34,h,48.22,"
test,1503461117219160064,111,"255,light,74.09,160,temperature,25.66,humidity,47.57,"
test,1503461117235081984,111,"255,from,10,44,rssi,3,msg,id,205,l,49.66,t,26.95,h,48.38,"
test,1503461118190184192,111,"255,from,10,44,rssi,29,msg,id,235,l,72.87,t,26.33,h,48.22,"
test,1503461118540240128,111,"255,light,72.87,156,temperature,25.66,humidity,47.57,"
test,1503461118603692032,111,"255,from,10,44,rssi,3,msg,id,205,l,49.25,t,26.95,h,48.44,"
test,1503461119511105024,111,"255,from,10,44,rssi,3,msg,id,205,l,49.25,t,26.97,h,48.44,"
test,1503461119845305088,111,"255,light,73.68,156,temperature,25.68,humidity,47.57,"
test,1503461120131941120,111,"255,from,10,44,rssi,3,msg,id,205,l,48.44,t,26.95,h,48.41,"
test,1503461120816323072,111,"255,from,10,44,rssi,29,msg,id,235,l,73.27,t,26.36,h,48.18,"
test,1503461121166502912,111,"255,light,72.46,159,temperature,25.68,humidity,47.53,"
test,1503461121707574016,111,"255,from,10,44,rssi,3,msg,id,205,l,49.66,t,26.97,h,48.38,"
test,1503461122105385984,111,"255,from,10,44,rssi,29,msg,id,235,l,72.87,t,26.36,h,48.18,"
test,1503461122471246080,111,"255,light,74.49,159,temperature,25.68,humidity,47.57,"
test,1503461122535156992,111,"255,from,10,44,rssi,2,msg,id,205,l,48.85,t,26.98,h,48.31,"
test,1503461123410537984,111,"255,from,10,44,rssi,29,msg,id,235,l,73.68,t,26.36,h,48.22,"
test,1503461123776598016,111,"255,light,74.49,159,temperature,25.68,humidity,47.57,"
test,1503461124078959872,111,"255,from,10,44,rssi,2,msg,id,205,l,48.85,t,27.00,h,48.31,"
test,1503461124699858944,111,"255,from,10,44,rssi,29,msg,id,235,l,72.87,t,26.33,h,48.18,"
test,1503461125097702912,111,"255,light,73.68,160,temperature,25.69,humidity,47.57,"
test,1503461125113563904,111,"255,from,10,44,rssi,3,msg,id,205,l,48.44,t,27.00,h,48.31,"
test,1503461125686604032,111,"255,from,10,44,rssi,2,msg,id,205,l,48.85,t,26.98,h,48.31,"
test,1503461126004862976,111,"255,from,10,44,rssi,29,msg,id,235,l,74.09,t,26.36,h,48.18,"
test,1503461126402700032,111,"255,light,74.49,158,temperature,25.69,humidity,47.53,"
test,1503461126530110976,111,"255,from,10,44,rssi,2,msg,id,205,l,48.85,t,27.00,h,48.28,"
test,1503461127294032128,111,"255,from,10,44,rssi,3,msg,id,205,l,48.03,t,27.00,h,48.22,"
test,1503461127341865984,111,"255,from,10,44,rssi,29,msg,id,235,l,73.68,t,26.33,h,48.18,"
test,1503461127723959040,111,"255,light,74.90,157,temperature,25.69,humidity,47.50,"
test,1503461128169492992,111,"255,from,10,44,rssi,3,msg,id,205,l,48.03,t,26.98,h,48.15,"
test,1503461128615264000,111,"255,from,10,44,rssi,29,msg,id,235,l,72.87,t,26.33,h,48.18,"
test,1503461129029017088,111,"255,light,74.09,157,temperature,25.69,humidity,47.53,"
test,1503461129045105920,111,"255,from,10,44,rssi,3,msg,id,205,l,48.44,t,26.98,h,48.09,"
test,1503461129601982976,111,"255,from,10,44,rssi,3,msg,id,205,l,48.44,t,27.00,h,48.05,"
test,1503461129936169984,111,"255,from,10,44,rssi,29,msg,id,235,l,74.09,t,26.33,h,48.18,"
test,1503461130350085888,111,"255,light,73.27,163,temperature,25.69,humidity,47.53,"
test,1503461131209434880,111,"255,from,10,44,rssi,3,msg,id,205,l,48.85,t,26.98,h,48.02,"
test,1503461131273176064,111,"255,from,10,44,rssi,29,msg,id,235,l,72.87,t,26.33,h,48.18,"
test,1503461131655038976,111,"255,light,74.90,159,temperature,25.68,humidity,47.53,"
test,1503461131973500928,111,"255,from,10,44,rssi,2,msg,id,205,l,48.03,t,27.00,h,48.12,"
test,1503461132530430976,111,"255,from,10,44,rssi,29,msg,id,235,l,72.05,t,26.33,h,48.18,"
test,1503461132991096064,111,"255,light,74.90,159,temperature,25.66,humidity,47.50,"
test,1503461132991208192,111,"255,from,10,44,rssi,3,msg,id,205,l,48.44,t,26.98,h,48.15,"
test,1503461133548243968,111,"255,from,10,44,rssi,3,msg,id,205,l,48.44,t,26.98,h,48.22,"
test,1503461133834599936,111,"255,from,10,44,rssi,29,msg,id,235,l,74.09,t,26.30,h,48.18,"
test,1503461134280442112,111,"255,light,74.09,158,temperature,25.66,humidity,47.53,"
test,1503461134344006144,111,"255,from,10,44,rssi,3,msg,id,205,l,47.63,t,26.98,h,48.18,"
test,1503461135123928064,111,"255,from,10,44,rssi,29,msg,id,235,l,74.49,t,26.29,h,48.25,"
test,1503461135155612928,111,"255,from,10,44,rssi,3,msg,id,205,l,48.44,t,26.97,h,48.18,"
test,1503461135601286912,111,"255,light,73.68,160,temperature,25.66,humidity,47.57,"
test,1503461135919687936,111,"255,from,10,44,rssi,3,msg,id,205,l,48.85,t,26.95,h,48.12,"
test,1503461136906430976,111,"255,light,75.31,160,temperature,25.66,humidity,47.60,"
test,1503461136922306048,111,"255,from,10,44,rssi,3,msg,id,205,l,50.07,t,26.94,h,48.05,"
test,1503461137495486976,111,"255,from,10,44,rssi,2,msg,id,205,l,48.85,t,26.94,h,48.12,"
test,1503461138227475968,111,"255,light,75.31,159,temperature,25.66,humidity,47.60,"
test,1503461139039528960,111,"255,from,10,44,rssi,29,msg,id,235,l,72.87,t,26.31,h,48.31,"
test,1503461139071010048,111,"255,from,10,44,rssi,3,msg,id,205,l,49.25,t,26.95,h,48.15,"
test,1503461139532818176,111,"255,light,74.09,158,temperature,25.65,humidity,47.66,"
test,1503461139882860800,111,"255,from,10,44,rssi,3,msg,id,205,l,48.85,t,26.94,h,48.18,"
test,1503461140344382976,111,"255,from,10,44,rssi,29,msg,id,235,l,74.90,t,26.31,h,48.31,"
test,1503461140853686016,111,"255,light,73.68,158,temperature,25.66,humidity,47.63,"
test,1503461140869510912,111,"255,from,10,44,rssi,3,msg,id,205,l,48.85,t,26.94,h,48.22,"
test,1503461141442558976,111,"255,from,10,44,rssi,3,msg,id,205,l,48.85,t,26.94,h,48.18,"
test,1503461141649502976,111,"255,from,10,44,rssi,29,msg,id,235,l,73.27,t,26.31,h,48.31,"
test,1503461142158849024,111,"255,light,75.31,160,temperature,25.65,humidity,47.63,"
test,1503461142238354944,111,"255,from,10,44,rssi,3,msg,id,205,l,48.85,t,26.94,h,48.18,"
test,1503461142954635008,111,"255,from,10,44,rssi,29,msg,id,235,l,74.49,t,26.31,h,48.31,"
test,1503461143049969920,111,"255,from,10,44,rssi,3,msg,id,205,l,48.44,t,26.93,h,48.18,"
test,1503461143463785984,111,"255,light,75.31,158,temperature,25.66,humidity,47.66,"
test,1503461143814116096,111,"255,from,10,44,rssi,3,msg,id,205,l,48.44,t,26.94,h,48.25,"
test,1503461144259815936,111,"255,from,10,44,rssi,28,msg,id,235,l,73.68,t,26.30,h,48.31,"
test,1503461144785114112,111,"255,light,74.90,157,temperature,25.65,humidity,47.63,"
test,1503461144800867072,111,"255,from,10,44,rssi,3,msg,id,205,l,48.44,t,26.93,h,48.25,"
test,1503461145389786112,111,"255,from,10,44,rssi,2,msg,id,205,l,48.85,t,26.93,h,48.28,"
test,1503461146090116864,111,"255,light,73.68,159,temperature,25.65,humidity,47.63,"
test,1503461146201497088,111,"255,from,10,44,rssi,2,msg,id,205,l,48.85,t,26.91,h,48.25,"
test,1503461146854171136,111,"255,from,10,44,rssi,29,msg,id,235,l,74.09,t,26.29,h,48.31,"
test,1503461146965587968,111,"255,from,10,44,rssi,2,msg,id,205,l,49.66,t,26.93,h,48.22,"
test,1503461147411205888,111,"255,light,75.31,161,temperature,25.62,humidity,47.66,"
test,1503461147761368064,111,"255,from,10,44,rssi,2,msg,id,205,l,48.85,t,26.91,h,48.22,"
test,1503461148159236864,111,"255,from,10,44,rssi,29,msg,id,235,l,73.68,t,26.29,h,48.31,"
test,1503461148716178944,111,"255,light,75.31,159,temperature,25.63,humidity,47.63,"
test,1503461148732259072,111,"255,from,10,44,rssi,2,msg,id,205,l,48.85,t,26.94,h,48.18,"
test,1503461149336966144,111,"255,from,10,44,rssi,2,msg,id,205,l,48.85,t,26.94,h,48.18,"
test,1503461150037512960,111,"255,light,74.49,158,temperature,25.62,humidity,47.60,"
test,1503461150085091072,111,"255,from,10,44,rssi,29,msg,id,235,l,74.09,t,26.27,h,48.31,"
test,1503461150769512960,111,"255,from,10,44,rssi,29,msg,id,235,l,73.27,t,26.26,h,48.31,"
test,1503461150928595968,111,"255,from,10,44,rssi,2,msg,id,205,l,48.44,t,26.95,h,48.12,"
test,1503461151342371840,111,"255,light,73.68,159,temperature,25.62,humidity,47.60,"
test,1503461151708445952,111,"255,from,10,44,rssi,2,msg,id,205,l,48.44,t,26.95,h,48.12,"
test,1503461152074691072,111,"255,from,10,44,rssi,29,msg,id,235,l,74.90,t,26.27,h,48.31,"
test,1503461152663511040,111,"255,light,74.49,160,temperature,25.65,humidity,47.63,"
test,1503461153395545856,111,"255,from,10,44,rssi,2,msg,id,205,l,48.85,t,26.95,h,48.09,"
test,1503461153968622848,111,"255,light,75.31,160,temperature,25.63,humidity,47.66,"
test,1503461154095933952,111,"255,from,10,44,rssi,2,msg,id,205,l,48.85,t,26.94,h,48.02,"
test,1503461154684905984,111,"255,from,10,44,rssi,29,msg,id,235,l,74.49,t,26.27,h,48.31,"
test,1503461154859916800,111,"255,from,10,44,rssi,2,msg,id,205,l,49.66,t,26.95,h,47.99,"
test,1503461155289673984,111,"255,light,74.90,158,temperature,25.63,humidity,47.63,"
test,1503461155655641088,111,"255,from,10,44,rssi,2,msg,id,205,l,48.44,t,26.95,h,47.99,"
test,1503461155989949952,111,"255,from,10,44,rssi,29,msg,id,235,l,73.27,t,26.27,h,48.35,"
test,1503461156594804992,111,"255,light,74.09,158,temperature,25.63,humidity,47.63,"
test,1503461156610598144,111,"255,from,10,44,rssi,3,msg,id,205,l,48.44,t,26.95,h,48.05,"
test,1503461157231537152,111,"255,from,10,44,rssi,3,msg,id,205,l,48.85,t,26.95,h,48.05,"
test,1503461157310926848,111,"255,from,10,44,rssi,28,msg,id,235,l,74.90,t,26.26,h,48.31,"
test,1503461157915785984,111,"255,light,74.90,162,temperature,25.65,humidity,47.66,"
test,1503461158027281920,111,"255,from,10,44,rssi,4,msg,id,205,l,48.85,t,26.95,h,48.09,"
test,1503461158600316160,111,"255,from,10,44,rssi,29,msg,id,235,l,73.27,t,26.27,h,48.38,"
test,1503461158807180800,111,"255,from,10,44,rssi,4,msg,id,205,l,48.85,t,26.94,h,48.12,"
test,1503461159220967168,111,"255,light,75.31,160,temperature,25.66,humidity,47.66,"
test,1503461159236968960,111,"255,from,10,44,rssi,27,msg,id,211,l,79.38,t,25.62,h,50.03,"
test,1503461159602926848,111,"255,from,10,44,rssi,3,msg,id,205,l,48.44,t,26.95,h,48.15,"
test,1503461159921412864,111,"255,from,10,44,rssi,29,msg,id,235,l,74.09,t,26.27,h,48.38,"
test,1503461160526097920,111,"255,light,74.90,158,temperature,25.68,humidity,47.66,"
test,1503461160541917952,111,"255,from,10,44,rssi,3,msg,id,205,l,48.03,t,26.95,h,48.15,"
test,1503461161226428928,111,"255,from,10,44,rssi,29,msg,id,235,l,74.90,t,26.27,h,48.38,"
test,1503461161847353088,111,"255,light,74.09,159,temperature,25.69,humidity,47.66,"
test,1503461162515578112,111,"255,from,10,44,rssi,3,msg,id,205,l,48.44,t,26.94,h,48.22,"
test,1503461162754383104,111,"255,from,10,44,rssi,3,msg,id,205,l,48.85,t,26.94,h,48.25,"
test,1503461163152378112,111,"255,light,73.68,161,temperature,25.69,humidity,47.63,"
test,1503461163534214912,111,"255,from,10,44,rssi,3,msg,id,205,l,48.85,t,26.94,h,48.35,"
test,1503461163837353984,111,"255,from,10,44,rssi,29,msg,id,235,l,73.68,t,26.27,h,48.38,"
test,1503461164473359104,111,"255,light,74.90,160,temperature,25.69,humidity,47.60,"
test,1503461164489181952,111,"255,from,10,44,rssi,3,msg,id,205,l,48.85,t,26.95,h,48.41,"
test,1503461165125776896,111,"255,from,10,44,rssi,3,msg,id,205,l,48.85,t,26.95,h,48.44,"
test,1503461165141801216,111,"255,from,10,44,rssi,29,msg,id,235,l,73.68,t,26.29,h,48.35,"
test,1503461165778597120,111,"255,light,74.09,157,temperature,25.69,humidity,47.60,"
test,1503461166431094784,111,"255,from,10,44,rssi,2,msg,id,205,l,48.85,t,26.95,h,48.51,"
test,1503461166781251072,111,"255,from,10,44,rssi,3,msg,id,205,l,48.03,t,26.95,h,48.54,"
test,1503461167099465984,111,"255,light,74.09,160,temperature,25.69,humidity,47.60,"
test,1503461167497359104,111,"255,from,10,44,rssi,2,msg,id,205,l,48.44,t,26.95,h,48.51,"
test,1503461167736078080,111,"255,from,10,44,rssi,29,msg,id,235,l,75.31,t,26.26,h,48.35,"
test,1503461168404705024,111,"255,light,74.90,161,temperature,25.69,humidity,47.57,"
test,1503461169025265920,111,"255,from,10,44,rssi,29,msg,id,235,l,72.87,t,26.26,h,48.35,"
test,1503461169088905216,111,"255,from,10,44,rssi,2,msg,id,205,l,48.44,t,26.94,h,48.48,"
test,1503461169725702144,111,"255,light,74.90,159,temperature,25.70,humidity,47.53,"
test,1503461169868971008,111,"255,from,10,44,rssi,2,msg,id,205,l,48.85,t,26.93,h,48.44,"
test,1503461170330519808,111,"255,from,10,44,rssi,29,msg,id,235,l,74.49,t,26.27,h,48.38,"
test,1503461170664680960,111,"255,from,10,44,rssi,2,msg,id,205,l,48.44,t,26.93,h,48.48,"
test,1503461171030707968,111,"255,light,74.09,158,temperature,25.69,humidity,47.53,"
test,1503461171444628992,111,"255,from,10,44,rssi,3,msg,id,205,l,48.85,t,26.93,h,48.44,"
test,1503461171651525120,111,"255,from,10,44,rssi,29,msg,id,235,l,73.27,t,26.29,h,48.38,"
test,1503461172366684928,111,"255,light,74.49,160,temperature,25.70,humidity,47.53,"
test,1503461172369449984,111,"255,from,10,44,rssi,3,msg,id,205,l,48.85,t,26.93,h,48.41,"
test,1503461172939698944,111,"255,from,10,44,rssi,29,msg,id,235,l,74.49,t,26.30,h,48.38,"
test,1503461173019328000,111,"255,from,10,44,rssi,2,msg,id,205,l,48.03,t,26.93,h,48.38,"
test,1503461173655902976,111,"255,light,74.90,160,temperature,25.69,humidity,47.53,"
test,1503461173831013888,111,"255,from,10,44,rssi,2,msg,id,205,l,48.85,t,26.91,h,48.38,"
test,1503461174244857088,111,"255,from,10,44,rssi,29,msg,id,235,l,72.05,t,26.30,h,48.38,"
test,1503461174977096960,111,"255,light,74.09,155,temperature,25.69,humidity,47.53,"
test,1503461175406668032,111,"255,from,10,44,rssi,1,msg,id,205,l,48.03,t,26.94,h,48.31,"
test,1503461175565964032,111,"255,from,10,44,rssi,28,msg,id,235,l,74.49,t,26.30,h,48.38,"
test,1503461176282073856,111,"255,light,72.87,155,temperature,25.69,humidity,47.57,"
test,1503461176298083072,111,"255,from,10,44,rssi,2,msg,id,205,l,46.40,t,26.94,h,48.28,"
test,1503461176855105024,111,"255,from,10,44,rssi,29,msg,id,235,l,72.46,t,26.30,h,48.38,"
test,1503461176966479104,111,"255,from,10,44,rssi,2,msg,id,205,l,47.63,t,26.95,h,48.31,"
test,1503461177603045888,111,"255,light,72.87,159,temperature,25.69,humidity,47.60,"
test,1503461177762269952,111,"255,from,10,44,rssi,2,msg,id,205,l,48.44,t,26.94,h,48.31,"
test,1503461178160235776,111,"255,from,10,44,rssi,29,msg,id,235,l,71.24,t,26.30,h,48.41,"
test,1503461178542107136,111,"255,from,10,44,rssi,3,msg,id,205,l,48.03,t,26.94,h,48.35,"
test,1503461178908393984,111,"255,light,74.09,159,temperature,25.69,humidity,47.60,"
test,1503461179353917952,111,"255,from,10,44,rssi,2,msg,id,205,l,48.85,t,26.94,h,48.41,"
test,1503461179465345024,111,"255,from,10,44,rssi,29,msg,id,235,l,72.87,t,26.30,h,48.41,"
test,1503461180213581056,111,"255,light,74.49,159,temperature,25.70,humidity,47.60,"
test,1503461180229394944,111,"255,from,10,44,rssi,2,msg,id,205,l,47.22,t,26.94,h,48.44,"
test,1503461180770504960,111,"255,from,10,44,rssi,29,msg,id,235,l,73.27,t,26.31,h,48.41,"
test,1503461180929660160,111,"255,from,10,44,rssi,2,msg,id,205,l,48.44,t,26.94,h,48.51,"
test,1503461181534481152,111,"255,light,71.64,157,temperature,25.72,humidity,47.60,"
test,1503461181709615872,111,"255,from,10,44,rssi,2,msg,id,205,l,48.03,t,26.95,h,48.54,"
test,1503461182075627008,111,"255,from,10,44,rssi,29,msg,id,235,l,71.64,t,26.31,h,48.41,"
test,1503461182839587840,111,"255,light,71.64,159,temperature,25.73,humidity,47.60,"
test,1503461183269344000,111,"255,from,10,44,rssi,3,msg,id,205,l,48.03,t,26.94,h,48.67,"
test,1503461184160665088,111,"255,light,73.68,158,temperature,25.73,humidity,47.60,"
test,1503461184877035008,111,"255,from,10,44,rssi,2,msg,id,205,l,48.03,t,26.94,h,48.87,"
test,1503461185465815040,111,"255,light,72.87,155,temperature,25.73,humidity,47.57,"
test,1503461185990993920,111,"255,from,10,44,rssi,29,msg,id,235,l,72.46,t,26.33,h,48.41,"
test,1503461186436705024,111,"255,from,10,44,rssi,2,msg,id,205,l,48.44,t,26.94,h,48.87,"
test,1503461186786850048,111,"255,light,72.46,158,temperature,25.70,humidity,47.57,"
test,1503461187248489984,111,"255,from,10,44,rssi,2,msg,id,205,l,46.81,t,26.95,h,48.83,"
test,1503461187311849216,111,"255,from,10,44,rssi,29,msg,id,235,l,71.24,t,26.33,h,48.38,"
test,1503461188092024064,111,"255,light,72.46,157,temperature,25.69,humidity,47.53,"
test,1503461188107880960,111,"255,from,10,44,rssi,2,msg,id,205,l,48.44,t,26.95,h,48.77,"
test,1503461188601267968,111,"255,from,10,44,rssi,29,msg,id,235,l,72.05,t,26.31,h,48.38,"
test,1503461188808103936,111,"255,from,10,44,rssi,2,msg,id,205,l,48.44,t,26.95,h,48.67,"
test,1503461189413062144,111,"255,light,73.27,159,temperature,25.70,humidity,47.53,"
test,1503461189604027904,111,"255,from,10,44,rssi,2,msg,id,205,l,47.63,t,26.97,h,48.64,"
test,1503461189906465024,111,"255,from,10,44,rssi,29,msg,id,235,l,72.05,t,26.30,h,48.35,"
test,1503461190415816960,111,"255,from,10,44,rssi,2,msg,id,205,l,47.63,t,26.97,h,48.57,"
test,1503461190718110208,111,"255,light,72.87,155,temperature,25.72,humidity,47.50,"
test,1503461191195625984,111,"255,from,10,44,rssi,29,msg,id,235,l,72.46,t,26.31,h,48.35,"
test,1503461191211452928,111,"255,from,10,44,rssi,2,msg,id,205,l,47.63,t,26.97,h,48.54,"
test,1503461192054006016,111,"255,light,71.24,155,temperature,25.72,humidity,47.50,"
test,1503461192054124032,111,"255,from,10,44,rssi,3,msg,id,205,l,48.03,t,26.98,h,48.57,"
test,1503461192499842816,111,"255,from,10,44,rssi,29,msg,id,235,l,70.42,t,26.31,h,48.35,"
test,1503461192754405888,111,"255,from,10,44,rssi,3,msg,id,205,l,48.44,t,26.97,h,48.57,"
test,1503461193343485952,111,"255,light,71.64,158,temperature,25.72,humidity,47.50,"
test,1503461193566056960,111,"255,from,10,44,rssi,2,msg,id,205,l,48.03,t,26.97,h,48.61,"
test,1503461194330153984,111,"255,from,10,44,rssi,2,msg,id,205,l,47.22,t,26.98,h,48.57,"
test,1503461194664365056,111,"255,light,72.05,159,temperature,25.69,humidity,47.47,"
test,1503461195110081024,111,"255,from,10,44,rssi,29,msg,id,235,l,70.83,t,26.33,h,48.31,"
test,1503461195141857024,111,"255,from,10,44,rssi,2,msg,id,205,l,47.22,t,26.98,h,48.57,"
test,1503461195984442112,111,"255,light,73.68,159,temperature,25.69,humidity,47.47,"
test,1503461195984545024,111,"255,from,10,44,rssi,3,msg,id,205,l,48.03,t,26.98,h,48.51,"
test,1503461196398202880,111,"255,from,10,44,rssi,28,msg,id,235,l,72.05,t,26.31,h,48.31,"
test,1503461196716507904,111,"255,from,10,44,rssi,3,msg,id,205,l,47.63,t,26.98,h,48.48,"
test,1503461197289548032,111,"255,light,72.05,156,temperature,25.69,humidity,47.50,"
test,1503461197512420864,111,"255,from,10,44,rssi,2,msg,id,205,l,47.63,t,26.98,h,48.41,"
test,1503461197703404800,111,"255,from,10,44,rssi,29,msg,id,235,l,71.64,t,26.33,h,48.31,"
test,1503461198292294912,111,"255,from,10,44,rssi,2,msg,id,205,l,48.44,t,26.98,h,48.41,"
test,1503461198610578176,111,"255,light,71.64,156,temperature,25.70,humidity,47.50,"
test,1503461199008489984,111,"255,from,10,44,rssi,29,msg,id,235,l,71.64,t,26.33,h,48.28,"
test,1503461199103960064,111,"255,from,10,44,rssi,2,msg,id,205,l,48.03,t,26.98,h,48.38,"
test,1503461199930697984,111,"255,light,72.87,159,temperature,25.72,humidity,47.50,"
test,1503461199930803968,111,"255,from,10,44,rssi,3,msg,id,205,l,47.63,t,27.00,h,48.38,"
test,1503461200312623872,111,"255,from,10,44,rssi,29,msg,id,235,l,71.24,t,26.33,h,48.28,"
test,1503461200694516992,111,"255,from,10,44,rssi,2,msg,id,205,l,48.03,t,26.98,h,48.35,"
test,1503461201235785984,111,"255,light,72.46,159,temperature,25.73,humidity,47.50,"
test,1503461201442686208,111,"255,from,10,44,rssi,2,msg,id,205,l,47.63,t,27.01,h,48.31,"
test,1503461202238652928,111,"255,from,10,44,rssi,3,msg,id,205,l,47.22,t,27.00,h,48.31,"
test,1503461202540844032,111,"255,light,72.87,159,temperature,25.72,humidity,47.47,"
test,1503461202922877952,111,"255,from,10,44,rssi,29,msg,id,235,l,71.24,t,26.34,h,48.28,"
test,1503461203861970944,111,"255,light,72.87,156,temperature,25.73,humidity,47.47,"
test,1503461203888920064,111,"255,from,10,44,rssi,3,msg,id,205,l,48.03,t,27.00,h,48.25,"
test,1503461203889220864,111,"255,from,10,44,rssi,2,msg,id,205,l,47.63,t,26.98,h,48.25,"
test,1503461204239001088,111,"255,from,10,44,rssi,29,msg,id,235,l,72.46,t,26.33,h,48.25,"
test,1503461204621081088,111,"255,from,10,44,rssi,2,msg,id,205,l,48.03,t,26.98,h,48.18,"
test,1503461205178014976,111,"255,light,71.64,160,temperature,25.73,humidity,47.47,"
test,1503461205400884992,111,"255,from,10,44,rssi,3,msg,id,205,l,48.85,t,26.98,h,48.15,"
test,1503461205544099072,111,"255,from,10,44,rssi,29,msg,id,235,l,70.83,t,26.33,h,48.25,"
test,1503461206180822016,111,"255,from,10,44,rssi,2,msg,id,205,l,48.03,t,27.00,h,48.15,"
test,1503461206499011072,111,"255,light,71.64,156,temperature,25.73,humidity,47.47,"
test,1503461206849193984,111,"255,from,10,44,rssi,29,msg,id,235,l,72.05,t,26.36,h,48.25,"
test,1503461207804280064,111,"255,light,73.68,159,temperature,25.72,humidity,47.47,"
test,1503461207820118016,111,"255,from,10,44,rssi,2,msg,id,205,l,48.03,t,26.98,h,48.12,"
test,1503461208138521856,111,"255,from,10,44,rssi,29,msg,id,235,l,71.24,t,26.33,h,48.25,"
test,1503461208552293120,111,"255,from,10,44,rssi,3,msg,id,205,l,48.44,t,27.00,h,48.12,"
test,1503461209125200896,111,"255,light,73.27,158,temperature,25.73,humidity,47.47,"
test,1503461209348084992,111,"255,from,10,44,rssi,2,msg,id,205,l,48.44,t,27.00,h,48.12,"
test,1503461209459441920,111,"255,from,10,44,rssi,29,msg,id,235,l,72.87,t,26.37,h,48.22,"
test,1503461210430457088,111,"255,light,72.05,155,temperature,25.72,humidity,47.47,"
test,1503461210748805120,111,"255,from,10,44,rssi,29,msg,id,235,l,71.24,t,26.36,h,48.25,"
test,1503461210955648000,111,"255,from,10,44,rssi,2,msg,id,205,l,48.03,t,27.01,h,48.05,"
test,1503461211735544064,111,"255,light,72.46,157,temperature,25.72,humidity,47.47,"
test,1503461211751396864,111,"255,from,10,44,rssi,3,msg,id,205,l,46.00,t,27.01,h,48.05,"
test,1503461212069709056,111,"255,from,10,44,rssi,29,msg,id,235,l,72.46,t,26.37,h,48.25,"
test,1503461212515270912,111,"255,from,10,44,rssi,3,msg,id,205,l,47.63,t,27.01,h,47.99,"
test,1503461213056657920,111,"255,light,73.27,159,temperature,25.72,humidity,47.47,"
test,1503461213295151872,111,"255,from,10,44,rssi,2,msg,id,205,l,47.63,t,27.01,h,48.02,"
test,1503461213358978048,111,"255,from,10,44,rssi,29,msg,id,235,l,71.64,t,26.34,h,48.22,"
test,1503461214361635072,111,"255,light,72.87,156,temperature,25.72,humidity,47.47,"
test,1503461214377501952,111,"255,from,10,44,rssi,3,msg,id,205,l,48.03,t,27.01,h,47.96,"
test,1503461214664019968,111,"255,from,10,44,rssi,29,msg,id,235,l,72.87,t,26.33,h,48.22,"
test,1503461214870935040,111,"255,from,10,44,rssi,3,msg,id,205,l,48.44,t,27.00,h,47.92,"
test,1503461215682668032,111,"255,light,72.46,158,temperature,25.70,humidity,47.47,"
test,1503461215698548992,111,"255,from,10,44,rssi,3,msg,id,205,l,48.44,t,27.01,h,47.92,"
test,1503461215953253888,111,"255,from,10,44,rssi,29,msg,id,235,l,73.68,t,26.31,h,48.18,"
test,1503461216446651904,111,"255,from,10,44,rssi,3,msg,id,205,l,48.44,t,27.02,h,47.92,"
test,1503461216987910144,111,"255,light,73.68,158,temperature,25.70,humidity,47.47,"
test,1503461217258411008,111,"255,from,10,44,rssi,29,msg,id,235,l,71.24,t,26.34,h,48.22,"
test,1503461218308829952,111,"255,light,72.87,156,temperature,25.69,humidity,47.50,"
test,1503461218324736000,111,"255,from,10,44,rssi,3,msg,id,205,l,48.03,t,27.01,h,47.92,"
test,1503461218563496192,111,"255,from,10,44,rssi,29,msg,id,235,l,73.68,t,26.33,h,48.22,"
test,1503461218833956096,111,"255,from,10,44,rssi,3,msg,id,205,l,48.03,t,27.01,h,47.92,"
test,1503461219613929984,111,"255,light,72.05,159,temperature,25.70,humidity,47.53,"
test,1503461219629911808,111,"255,from,10,44,rssi,28,msg,id,211,l,77.34,t,25.68,h,49.93,"
test,1503461219868621056,111,"255,from,10,44,rssi,29,msg,id,235,l,74.49,t,26.33,h,48.25,"
test,1503461220409894912,111,"255,from,10,44,rssi,2,msg,id,205,l,48.44,t,27.04,h,47.92,"
test,1503461220935058944,111,"255,light,73.68,159,temperature,25.72,humidity,47.53,"
test,1503461221157850112,111,"255,from,10,44,rssi,29,msg,id,235,l,71.64,t,26.34,h,48.25,"
test,1503461222240179968,111,"255,light,74.09,157,temperature,25.72,humidity,47.53,"
test,1503461222256043008,111,"255,from,10,44,rssi,3,msg,id,205,l,48.03,t,27.05,h,47.89,"
test,1503461222463016960,111,"255,from,10,44,rssi,29,msg,id,235,l,72.87,t,26.36,h,48.25,"
test,1503461222813164032,111,"255,from,10,44,rssi,3,msg,id,205,l,48.44,t,27.05,h,47.89,"
test,1503461223576108032,111,"255,light,72.05,157,temperature,25.72,humidity,47.53,"
test,1503461223576206848,111,"255,from,10,44,rssi,3,msg,id,205,l,48.44,t,27.05,h,47.96,"
test,1503461223767091968,111,"255,from,10,44,rssi,29,msg,id,235,l,73.27,t,26.36,h,48.25,"
test,1503461224419607040,111,"255,from,10,44,rssi,3,msg,id,205,l,48.03,t,27.05,h,48.09,"
test,1503461224865324032,111,"255,light,73.27,160,temperature,25.70,humidity,47.50,"
test,1503461225088105984,111,"255,from,10,44,rssi,29,msg,id,235,l,72.87,t,26.37,h,48.25,"
test,1503461225167633152,111,"255,from,10,44,rssi,3,msg,id,205,l,48.44,t,27.04,h,48.15,"
test,1503461226199299072,111,"255,light,75.31,161,temperature,25.72,humidity,47.53,"
test,1503461226199417088,111,"255,from,10,44,rssi,3,msg,id,205,l,48.44,t,27.05,h,48.25,"
test,1503461226374362880,111,"255,from,10,44,rssi,29,msg,id,235,l,74.09,t,26.37,h,48.22,"
test,1503461226724365824,111,"255,from,10,44,rssi,3,msg,id,205,l,48.44,t,27.05,h,48.28,"
test,1503461227488403968,111,"255,light,72.87,156,temperature,25.72,humidity,47.47,"
test,1503461227520324096,111,"255,from,10,44,rssi,3,msg,id,205,l,47.63,t,27.04,h,48.31,"
test,1503461227663502080,111,"255,from,10,44,rssi,29,msg,id,235,l,73.27,t,26.37,h,48.18,"
test,1503461228347949056,111,"255,from,10,44,rssi,3,msg,id,205,l,48.44,t,27.04,h,48.35,"
test,1503461228809540864,111,"255,light,72.46,159,temperature,25.70,humidity,47.47,"
test,1503461228968677888,111,"255,from,10,44,rssi,29,msg,id,235,l,73.68,t,26.37,h,48.22,"
test,1503461229111820032,111,"255,from,10,44,rssi,2,msg,id,205,l,48.44,t,27.02,h,48.31,"
test,1503461230114615808,111,"255,light,74.09,160,temperature,25.69,humidity,47.47,"
test,1503461230130635008,111,"255,from,10,44,rssi,2,msg,id,205,l,48.03,t,27.04,h,48.31,"
test,1503461230289752064,111,"255,from,10,44,rssi,29,msg,id,235,l,73.27,t,26.36,h,48.18,"
test,1503461230703500032,111,"255,from,10,44,rssi,2,msg,id,205,l,48.03,t,27.04,h,48.35,"
test,1503461231435612928,111,"255,light,74.90,157,temperature,25.69,humidity,47.47,"
test,1503461231578917120,111,"255,from,10,44,rssi,29,msg,id,235,l,74.90,t,26.36,h,48.18,"
test,1503461232263322112,111,"255,from,10,44,rssi,3,msg,id,205,l,48.44,t,27.04,h,48.35,"
test,1503461232740907008,111,"255,light,73.68,157,temperature,25.69,humidity,47.50,"
test,1503461232915892992,111,"255,from,10,44,rssi,29,msg,id,235,l,73.27,t,26.36,h,48.18,"
test,1503461233043211008,111,"255,from,10,44,rssi,2,msg,id,205,l,48.44,t,27.02,h,48.31,"
test,1503461234076823040,111,"255,light,74.90,162,temperature,25.69,humidity,47.47,"
test,1503461234076929024,111,"255,from,10,44,rssi,2,msg,id,205,l,48.85,t,27.04,h,48.35,"
test,1503461234188139008,111,"255,from,10,44,rssi,29,msg,id,235,l,73.68,t,26.36,h,48.18,"
test,1503461234633861120,111,"255,from,10,44,rssi,3,msg,id,205,l,48.03,t,27.04,h,48.35,"
test,1503461235366153984,111,"255,light,74.90,159,temperature,25.69,humidity,47.50,"
test,1503461235445568000,111,"255,from,10,44,rssi,2,msg,id,205,l,48.44,t,27.05,h,48.35,"
test,1503461235509156864,111,"255,from,10,44,rssi,29,msg,id,235,l,72.87,t,26.36,h,48.18,"
test,1503461236257255936,111,"255,from,10,44,rssi,2,msg,id,205,l,48.03,t,27.05,h,48.41,"
test,1503461236687022080,111,"255,light,75.31,158,temperature,25.69,humidity,47.50,"
test,1503461236798504960,111,"255,from,10,44,rssi,29,msg,id,235,l,74.09,t,26.36,h,48.18,"
test,1503461236989395968,111,"255,from,10,44,rssi,2,msg,id,205,l,48.85,t,27.04,h,48.38,"
test,1503461237992155136,111,"255,light,73.27,159,temperature,25.69,humidity,47.50,"
test,1503461238008109056,111,"255,from,10,44,rssi,2,msg,id,205,l,48.85,t,27.05,h,48.41,"
test,1503461238103616000,111,"255,from,10,44,rssi,29,msg,id,235,l,74.49,t,26.36,h,48.18,"
test,1503461238565159168,111,"255,from,10,44,rssi,2,msg,id,205,l,48.03,t,27.05,h,48.38,"
test,1503461239313144832,111,"255,light,74.49,160,temperature,25.68,humidity,47.53,"
test,1503461239376816128,111,"255,from,10,44,rssi,3,msg,id,205,l,48.44,t,27.05,h,48.35,"
test,1503461239408756992,111,"255,from,10,44,rssi,29,msg,id,235,l,73.68,t,26.36,h,48.18,"
test,1503461240140980992,111,"255,from,10,44,rssi,2,msg,id,205,l,48.85,t,27.05,h,48.31,"
test,1503461240618426112,111,"255,light,74.49,157,temperature,25.68,humidity,47.53,"
test,1503461240713788160,111,"255,from,10,44,rssi,29,msg,id,235,l,73.68,t,26.36,h,48.18,"
test,1503461240936762112,111,"255,from,10,44,rssi,2,msg,id,205,l,48.85,t,27.04,h,48.28,"
test,1503461241923597056,111,"255,light,74.49,159,temperature,25.66,humidity,47.53,"
test,1503461241939323904,111,"255,from,10,44,rssi,2,msg,id,205,l,48.44,t,27.05,h,48.25,"
test,1503461242003133952,111,"255,from,10,44,rssi,29,msg,id,235,l,74.09,t,26.33,h,48.18,"
test,1503461242512482048,111,"255,from,10,44,rssi,2,msg,id,205,l,48.44,t,27.05,h,48.22,"
test,1503461243244496128,111,"255,light,73.27,160,temperature,25.66,humidity,47.53,"
test,1503461243324089088,111,"255,from,10,44,rssi,29,msg,id,235,l,74.09,t,26.33,h,48.18,"
test,1503461243340002048,111,"255,from,10,44,rssi,3,msg,id,205,l,48.85,t,27.06,h,48.15,"
test,1503461244104007936,111,"255,from,10,44,rssi,3,msg,id,205,l,48.85,t,27.05,h,48.12,"
test,1503461244565491968,111,"255,light,74.49,157,temperature,25.66,humidity,47.53,"
test,1503461244613244160,111,"255,from,10,44,rssi,29,msg,id,235,l,72.87,t,26.33,h,48.18,"
test,1503461244899696128,111,"255,from,10,44,rssi,3,msg,id,205,l,48.44,t,27.04,h,48.05,"
test,1503461245870771968,111,"255,light,73.68,156,temperature,25.63,humidity,47.53,"
test,1503461245886539008,111,"255,from,10,44,rssi,3,msg,id,205,l,47.63,t,27.05,h,48.05,"
test,1503461245950167808,111,"255,from,10,44,rssi,29,msg,id,235,l,74.09,t,26.33,h,48.18,"
test,1503461246475384064,111,"255,from,10,44,rssi,2,msg,id,205,l,48.03,t,27.05,h,47.99,"
test,1503461247175927040,111,"255,light,74.49,159,temperature,25.63,humidity,47.57,"
test,1503461247239392000,111,"255,from,10,44,rssi,29,msg,id,235,l,72.46,t,26.30,h,48.18,"
test,1503461247255294208,111,"255,from,10,44,rssi,2,msg,id,205,l,48.44,t,27.05,h,47.99,"
test,1503461248083089152,111,"255,from,10,44,rssi,3,msg,id,205,l,47.63,t,27.04,h,47.99,"
test,1503461248496848128,111,"255,light,74.90,160,temperature,25.63,humidity,47.60,"
test,1503461248831149056,111,"255,from,10,44,rssi,3,msg,id,205,l,48.44,t,27.05,h,47.99,"
test,1503461249801980928,111,"255,light,73.68,157,temperature,25.62,humidity,47.60,"
test,1503461250406850048,111,"255,from,10,44,rssi,2,msg,id,205,l,48.44,t,27.05,h,48.05,"
test,1503461251123044096,111,"255,light,72.87,155,temperature,25.63,humidity,47.63,"
test,1503461251138884096,111,"255,from,10,44,rssi,29,msg,id,235,l,73.27,t,26.31,h,48.22,"
test,1503461251218557952,111,"255,from,10,44,rssi,2,msg,id,205,l,48.44,t,27.05,h,47.99,"
test,1503461251998470144,111,"255,from,10,44,rssi,2,msg,id,205,l,48.03,t,27.05,h,47.99,"
test,1503461252428248832,111,"255,light,72.46,159,temperature,25.66,humidity,47.63,"
test,1503461252443998208,111,"255,from,10,44,rssi,29,msg,id,235,l,72.46,t,26.30,h,48.22,"
test,1503461252794269952,111,"255,from,10,44,rssi,2,msg,id,205,l,48.44,t,27.05,h,47.92,"
test,1503461253762022912,111,"255,light,74.09,162,temperature,25.66,humidity,47.60,"
test,1503461253762129152,111,"255,from,10,44,rssi,2,msg,id,205,l,48.03,t,27.08,h,47.99,"
test,1503461254382846976,111,"255,from,10,44,rssi,2,msg,id,205,l,48.03,t,27.05,h,48.02,"
test,1503461255051343872,111,"255,light,73.27,156,temperature,25.66,humidity,47.63,"
test,1503461255067250944,111,"255,from,10,44,rssi,29,msg,id,235,l,72.05,t,26.31,h,48.25,"
test,1503461255146877952,111,"255,from,10,44,rssi,2,msg,id,205,l,48.03,t,27.06,h,48.05,"
test,1503461255942568960,111,"255,from,10,44,rssi,2,msg,id,205,l,47.22,t,27.06,h,48.15,"
test,1503461256387314176,111,"255,light,73.27,158,temperature,25.65,humidity,47.60,"
test,1503461256387415808,111,"255,from,10,44,rssi,29,msg,id,235,l,72.46,t,26.31,h,48.25,"
test,1503461256721566976,111,"255,from,10,44,rssi,3,msg,id,205,l,47.63,t,27.08,h,48.18,"
test,1503461257676485120,111,"255,light,72.05,158,temperature,25.63,humidity,47.60,"
test,1503461257692451840,111,"255,from,10,44,rssi,28,msg,id,235,l,72.05,t,26.31,h,48.25,"
test,1503461258328828160,111,"255,from,10,44,rssi,2,msg,id,205,l,47.63,t,27.08,h,48.12,"
test,1503461258997488128,111,"255,light,72.87,159,temperature,25.63,humidity,47.60,"
test,1503461259013391104,111,"255,from,10,44,rssi,29,msg,id,235,l,71.64,t,26.31,h,48.25,"
test,1503461259092883968,111,"255,from,10,44,rssi,2,msg,id,205,l,48.44,t,27.08,h,48.12,"
test,1503461259888814080,111,"255,from,10,44,rssi,2,msg,id,205,l,48.03,t,27.06,h,48.18,"
test,1503461260302722048,111,"255,light,71.64,154,temperature,25.62,humidity,47.63,"
test,1503461260318537984,111,"255,from,10,44,rssi,29,msg,id,235,l,72.87,t,26.31,h,48.25,"
test,1503461260668726016,111,"255,from,10,44,rssi,2,msg,id,205,l,48.03,t,27.08,h,48.18,"
test,1503461261637676032,111,"255,light,72.46,159,temperature,25.66,humidity,47.66,"
test,1503461261637775872,111,"255,from,10,44,rssi,2,msg,id,205,l,48.44,t,27.06,h,48.18,"
test,1503461262274337024,111,"255,from,10,44,rssi,2,msg,id,205,l,48.03,t,27.06,h,48.18,"
test,1503461262927046912,111,"255,light,73.68,160,temperature,25.66,humidity,47.66,"
test,1503461262942713088,111,"255,from,10,44,rssi,29,msg,id,235,l,72.46,t,26.33,h,48.25,"
test,1503461263070023936,111,"255,from,10,44,rssi,2,msg,id,205,l,48.44,t,27.06,h,48.15,"
test,1503461263834057216,111,"255,from,10,44,rssi,2,msg,id,205,l,48.44,t,27.06,h,48.12,"
test,1503461264260833024,111,"255,light,73.68,157,temperature,25.66,humidity,47.66,"
test,1503461264260935936,111,"255,from,10,44,rssi,29,msg,id,235,l,71.24,t,26.33,h,48.28,"
test,1503461264610859008,111,"255,from,10,44,rssi,2,msg,id,205,l,48.44,t,27.06,h,48.12,"
test,1503461265550112000,111,"255,light,73.68,158,temperature,25.66,humidity,47.66,"
test,1503461265566016000,111,"255,from,10,44,rssi,2,msg,id,205,l,48.44,t,27.05,h,48.12,"
test,1503461266202529792,111,"255,from,10,44,rssi,2,msg,id,205,l,48.03,t,27.06,h,48.09,"
test,1503461266871066112,111,"255,light,73.68,158,temperature,25.66,humidity,47.66,"
test,1503461266886949120,111,"255,from,10,44,rssi,29,msg,id,235,l,71.64,t,26.33,h,48.25,"
test,1503461266982497024,111,"255,from,10,44,rssi,2,msg,id,205,l,48.03,t,27.05,h,48.05,"
test,1503461267794311936,111,"255,from,10,44,rssi,2,msg,id,205,l,47.63,t,27.04,h,48.09,"
test,1503461268176301056,111,"255,light,72.46,157,temperature,25.66,humidity,47.63,"
test,1503461268192135936,111,"255,from,10,44,rssi,29,msg,id,235,l,72.87,t,26.31,h,48.25,"
test,1503461268574158080,111,"255,from,10,44,rssi,2,msg,id,205,l,48.03,t,27.05,h,48.12,"
test,1503461269510291968,111,"255,light,73.27,158,temperature,25.66,humidity,47.63,"
test,1503461269510396928,111,"255,from,10,44,rssi,2,msg,id,205,l,48.03,t,27.04,h,48.09,"
test,1503461270146755840,111,"255,from,10,44,rssi,2,msg,id,205,l,48.44,t,27.05,h,48.05,"
test,1503461270799320064,111,"255,light,73.68,160,temperature,25.68,humidity,47.63,"
test,1503461270815383040,111,"255,from,10,44,rssi,29,msg,id,235,l,73.27,t,26.31,h,48.25,"
test,1503461270958754048,111,"255,from,10,44,rssi,2,msg,id,205,l,48.03,t,27.05,h,48.02,"
test,1503461271738535936,111,"255,from,10,44,rssi,2,msg,id,205,l,48.44,t,27.05,h,48.02,"
test,1503461272134379008,111,"255,light,74.90,159,temperature,25.66,humidity,47.60,"
test,1503461272134479872,111,"255,from,10,44,rssi,29,msg,id,235,l,72.05,t,26.30,h,48.28,"
test,1503461272516408832,111,"255,from,10,44,rssi,2,msg,id,205,l,48.03,t,27.06,h,48.02,"
test,1503461273423660032,111,"255,light,73.68,158,temperature,25.68,humidity,47.60,"
test,1503461273439531008,111,"255,from,10,44,rssi,3,msg,id,205,l,48.44,t,27.08,h,48.05,"
test,1503461274744729088,111,"255,light,73.68,160,temperature,25.66,humidity,47.57,"
test,1503461274760638976,111,"255,from,10,44,rssi,29,msg,id,235,l,72.46,t,26.31,h,48.28,"
test,1503461274903737088,111,"255,from,10,44,rssi,2,msg,id,205,l,48.85,t,27.05,h,47.99,"
test,1503461275683741184,111,"255,from,10,44,rssi,2,msg,id,205,l,48.85,t,27.08,h,48.05,"
test,1503461276049777920,111,"255,light,75.31,158,temperature,25.68,humidity,47.60,"
test,1503461276065797120,111,"255,from,10,44,rssi,29,msg,id,235,l,73.27,t,26.30,h,48.28,"
test,1503461276463687936,111,"255,from,10,44,rssi,2,msg,id,205,l,48.44,t,27.09,h,48.05,"
test,1503461277383804160,111,"255,light,74.49,159,temperature,25.66,humidity,47.60,"
test,1503461277383922944,111,"255,from,10,44,rssi,29,msg,id,235,l,72.87,t,26.31,h,48.25,"
test,1503461278052227072,111,"255,from,10,44,rssi,2,msg,id,205,l,49.25,t,27.09,h,48.05,"
test,1503461278703749888,111,"255,light,74.09,160,temperature,25.66,humidity,47.60,"
test,1503461278703855104,111,"255,from,10,44,rssi,29,msg,id,235,l,73.27,t,26.31,h,48.25,"
test,1503461278847062016,111,"255,from,10,44,rssi,2,msg,id,205,l,48.03,t,27.09,h,47.99,"
test,1503461279626936064,111,"255,from,10,44,rssi,2,msg,id,205,l,48.03,t,27.11,h,47.99,"
test,1503461279993079040,111,"255,light,74.09,158,temperature,25.66,humidity,47.57,"
test,1503461280022011136,111,"255,from,10,44,rssi,28,msg,id,211,l,79.79,t,25.61,h,49.93,"
test,1503461280022116864,111,"255,from,10,44,rssi,29,msg,id,235,l,74.09,t,26.31,h,48.25,"
test,1503461280419831040,111,"255,from,10,44,rssi,2,msg,id,205,l,46.81,t,27.12,h,47.92,"
test,1503461281325031936,111,"255,light,73.27,159,temperature,25.66,humidity,47.57,"
test,1503461281325149184,111,"255,from,10,44,rssi,29,msg,id,235,l,72.87,t,26.33,h,48.25,"
test,1503461281993586944,111,"255,from,10,44,rssi,2,msg,id,205,l,48.44,t,27.12,h,47.92,"
test,1503461282614358016,111,"255,light,73.27,160,temperature,25.63,humidity,47.60,"
test,1503461282630176000,111,"255,from,10,44,rssi,29,msg,id,235,l,73.27,t,26.30,h,48.25,"
test,1503461282773417984,111,"255,from,10,44,rssi,2,msg,id,205,l,48.85,t,27.12,h,47.86,"
test,1503461283585145088,111,"255,from,10,44,rssi,2,msg,id,205,l,48.85,t,27.12,h,47.92,"
test,1503461283948335872,111,"255,light,74.90,162,temperature,25.62,humidity,47.60,"
test,1503461283948451072,111,"255,from,10,44,rssi,29,msg,id,235,l,72.46,t,26.30,h,48.25,"
test,1503461285237404160,111,"255,light,74.09,160,temperature,25.65,humidity,47.63,"
test,1503461285253298944,111,"255,from,10,44,rssi,29,msg,id,235,l,72.46,t,26.30,h,48.25,"
test,1503461285985351168,111,"255,from,10,44,rssi,2,msg,id,205,l,48.85,t,27.12,h,47.89,"
test,1503461286558483968,111,"255,light,72.87,158,temperature,25.63,humidity,47.63,"
test,1503461286574356992,111,"255,from,10,44,rssi,29,msg,id,235,l,72.46,t,26.30,h,48.25,"
test,1503461286749440000,111,"255,from,10,44,rssi,2,msg,id,205,l,48.03,t,27.12,h,47.86,"
test,1503461287513433856,111,"255,from,10,44,rssi,2,msg,id,205,l,48.03,t,27.12,h,47.86,"
test,1503461287863496192,111,"255,light,74.09,161,temperature,25.65,humidity,47.63,"
test,1503461287879539968,111,"255,from,10,44,rssi,29,msg,id,235,l,73.27,t,26.31,h,48.25,"
test,1503461288309196032,111,"255,from,10,44,rssi,2,msg,id,205,l,48.03,t,27.12,h,47.83,"
test,1503461289197586944,111,"255,light,74.49,159,temperature,25.66,humidity,47.60,"
test,1503461289197704192,111,"255,from,10,44,rssi,29,msg,id,235,l,72.05,t,26.31,h,48.28,"
test,1503461289882075136,111,"255,from,10,44,rssi,0,msg,id,205,l,48.44,t,27.11,h,47.83,"
test,1503461290486768896,111,"255,light,72.46,158,temperature,25.66,humidity,47.60,"
